DATE,RELEASE_STAGE,DIRECTOR_VERSION,CF_RELEASE_COMMIT_SHA,CF_DEPLOYMENT_STEMCELL,DIEGO_RELEASE_VERSION,DIEGO_RELEASE_COMMIT_SHA,DIEGO_DEPLOYMENT_STEMCELL
Thu Apr 23 17:42:07 UTC 2015,development,1.2891.0,de3daacf,bosh-aws-xen-ubuntu-trusty-go_agent/2915,0.1129.0,71a02c9f,bosh-aws-xen-hvm-ubuntu-trusty-go_agent/2941
Thu Apr 23 20:01:13 UTC 2015,development,1.2891.0,de3daacf,bosh-aws-xen-ubuntu-trusty-go_agent/2915,0.1130.0,84d5f631,bosh-aws-xen-hvm-ubuntu-trusty-go_agent/2941
Thu Apr 23 21:28:28 UTC 2015,development,1.2891.0,de3daacf,bosh-aws-xen-ubuntu-trusty-go_agent/2915,0.1132.0,d814f441,bosh-aws-xen-hvm-ubuntu-trusty-go_agent/2941
Thu Apr 23 22:06:20 UTC 2015,development,1.2891.0,de3daacf,bosh-aws-xen-ubuntu-trusty-go_agent/2915,0.1132.0,d814f441,bosh-aws-xen-hvm-ubuntu-trusty-go_agent/2941
Fri Apr 24 00:06:37 UTC 2015,development,1.2891.0,fc26ee26,bosh-aws-xen-ubuntu-trusty-go_agent/2915,0.1134.0,12ba4156,bosh-aws-xen-hvm-ubuntu-trusty-go_agent/2941
Fri Apr 24 01:25:55 UTC 2015,development,1.2891.0,fc26ee26,bosh-aws-xen-ubuntu-trusty-go_agent/2915,0.1135.0,d4aed78c,bosh-aws-xen-hvm-ubuntu-trusty-go_agent/2941
Fri Apr 24 02:41:34 UTC 2015,release_candidate,1.2859.0,de3daacf,bosh-aws-xen-hvm-ubuntu-trusty-go_agent/2922,0.1135.0,d4aed78c,bosh-aws-xen-hvm-ubuntu-trusty-go_agent/2941
Fri Apr 24 14:01:28 UTC 2015,development,1.2891.0,fc26ee26,bosh-aws-xen-ubuntu-trusty-go_agent/2915,0.1137.0,3af3fb2e,bosh-aws-xen-hvm-ubuntu-trusty-go_agent/2941
Fri Apr 24 14:14:48 UTC 2015,release_candidate,1.2859.0,de3daacf,bosh-aws-xen-hvm-ubuntu-trusty-go_agent/2922,0.1137.0,3af3fb2e,bosh-aws-xen-hvm-ubuntu-trusty-go_agent/2941
Fri Apr 24 14:31:53 UTC 2015,development,1.2891.0,fc26ee26,bosh-aws-xen-ubuntu-trusty-go_agent/2915,0.1138.0,0e4d0ebe,bosh-aws-xen-hvm-ubuntu-trusty-go_agent/2941
Fri Apr 24 14:44:58 UTC 2015,release_candidate,1.2859.0,de3daacf,bosh-aws-xen-hvm-ubuntu-trusty-go_agent/2922,0.1138.0,0e4d0ebe,bosh-aws-xen-hvm-ubuntu-trusty-go_agent/2941
Fri Apr 24 14:51:58 UTC 2015,release_candidate,1.2859.0,de3daacf,bosh-aws-xen-hvm-ubuntu-trusty-go_agent/2922,0.1138.0,0e4d0ebe,bosh-aws-xen-hvm-ubuntu-trusty-go_agent/2941
Fri Apr 24 14:59:22 UTC 2015,development,1.2891.0,fc26ee26,bosh-aws-xen-ubuntu-trusty-go_agent/2915,0.1139.0,2af7dcef,bosh-aws-xen-hvm-ubuntu-trusty-go_agent/2941
Fri Apr 24 15:10:28 UTC 2015,release_candidate,1.2859.0,de3daacf,bosh-aws-xen-hvm-ubuntu-trusty-go_agent/2922,0.1139.0,2af7dcef,bosh-aws-xen-hvm-ubuntu-trusty-go_agent/2941
Fri Apr 24 15:49:23 UTC 2015,release_candidate,1.2859.0,de3daacf,bosh-aws-xen-hvm-ubuntu-trusty-go_agent/2922,0.1139.0,2af7dcef,bosh-aws-xen-hvm-ubuntu-trusty-go_agent/2941
Fri Apr 24 18:08:22 UTC 2015,development,1.2891.0,fc26ee26,bosh-aws-xen-ubuntu-trusty-go_agent/2915,0.1140.0,09e713f8,bosh-aws-xen-hvm-ubuntu-trusty-go_agent/2941
Fri Apr 24 18:19:04 UTC 2015,release_candidate,1.2859.0,de3daacf,bosh-aws-xen-hvm-ubuntu-trusty-go_agent/2922,0.1140.0,09e713f8,bosh-aws-xen-hvm-ubuntu-trusty-go_agent/2941
Fri Apr 24 18:34:51 UTC 2015,development,1.2891.0,fc26ee26,bosh-aws-xen-ubuntu-trusty-go_agent/2915,0.1141.0,d28defef,bosh-aws-xen-hvm-ubuntu-trusty-go_agent/2941
Fri Apr 24 18:49:20 UTC 2015,release_candidate,1.2859.0,de3daacf,bosh-aws-xen-hvm-ubuntu-trusty-go_agent/2922,0.1141.0,d28defef,bosh-aws-xen-hvm-ubuntu-trusty-go_agent/2941
Fri Apr 24 18:56:02 UTC 2015,release_candidate,1.2859.0,de3daacf,bosh-aws-xen-hvm-ubuntu-trusty-go_agent/2922,0.1141.0,d28defef,bosh-aws-xen-hvm-ubuntu-trusty-go_agent/2941
Fri Apr 24 19:03:36 UTC 2015,development,1.2891.0,fc26ee26,bosh-aws-xen-ubuntu-trusty-go_agent/2915,0.1142.0,4513a569,bosh-aws-xen-hvm-ubuntu-trusty-go_agent/2941
Fri Apr 24 19:15:01 UTC 2015,release_candidate,1.2859.0,de3daacf,bosh-aws-xen-hvm-ubuntu-trusty-go_agent/2922,0.1142.0,4513a569,bosh-aws-xen-hvm-ubuntu-trusty-go_agent/2941
Fri Apr 24 19:29:57 UTC 2015,development,1.2891.0,fc26ee26,bosh-aws-xen-ubuntu-trusty-go_agent/2915,0.1143.0,ab8c7979,bosh-aws-xen-hvm-ubuntu-trusty-go_agent/2941
Fri Apr 24 19:41:36 UTC 2015,release_candidate,1.2859.0,de3daacf,bosh-aws-xen-hvm-ubuntu-trusty-go_agent/2922,0.1143.0,ab8c7979,bosh-aws-xen-hvm-ubuntu-trusty-go_agent/2941
Fri Apr 24 19:51:57 UTC 2015,release_candidate,1.2859.0,de3daacf,bosh-aws-xen-hvm-ubuntu-trusty-go_agent/2922,0.1143.0,ab8c7979,bosh-aws-xen-hvm-ubuntu-trusty-go_agent/2941
Fri Apr 24 20:03:37 UTC 2015,development,1.2891.0,fc26ee26,bosh-aws-xen-ubuntu-trusty-go_agent/2915,0.1144.0,fe16aacd,bosh-aws-xen-hvm-ubuntu-trusty-go_agent/2941
Fri Apr 24 20:14:26 UTC 2015,release_candidate,1.2859.0,de3daacf,bosh-aws-xen-hvm-ubuntu-trusty-go_agent/2922,0.1144.0,fe16aacd,bosh-aws-xen-hvm-ubuntu-trusty-go_agent/2941
Fri Apr 24 20:29:52 UTC 2015,development,1.2891.0,fc26ee26,bosh-aws-xen-ubuntu-trusty-go_agent/2915,0.1145.0,f27a7c90,bosh-aws-xen-hvm-ubuntu-trusty-go_agent/2941
Fri Apr 24 20:41:04 UTC 2015,release_candidate,1.2859.0,de3daacf,bosh-aws-xen-hvm-ubuntu-trusty-go_agent/2922,0.1145.0,f27a7c90,bosh-aws-xen-hvm-ubuntu-trusty-go_agent/2941
Fri Apr 24 20:52:51 UTC 2015,release_candidate,1.2859.0,de3daacf,bosh-aws-xen-hvm-ubuntu-trusty-go_agent/2922,0.1145.0,f27a7c90,bosh-aws-xen-hvm-ubuntu-trusty-go_agent/2941
Fri Apr 24 21:04:03 UTC 2015,development,1.2891.0,fc26ee26,bosh-aws-xen-ubuntu-trusty-go_agent/2915,0.1146.0,8c855e02,bosh-aws-xen-hvm-ubuntu-trusty-go_agent/2941
Fri Apr 24 21:16:02 UTC 2015,release_candidate,1.2859.0,de3daacf,bosh-aws-xen-hvm-ubuntu-trusty-go_agent/2922,0.1146.0,8c855e02,bosh-aws-xen-hvm-ubuntu-trusty-go_agent/2941
Fri Apr 24 21:30:38 UTC 2015,development,1.2891.0,fc26ee26,bosh-aws-xen-ubuntu-trusty-go_agent/2915,0.1147.0,6bc903e6,bosh-aws-xen-hvm-ubuntu-trusty-go_agent/2941
Fri Apr 24 21:41:22 UTC 2015,release_candidate,1.2859.0,de3daacf,bosh-aws-xen-hvm-ubuntu-trusty-go_agent/2922,0.1147.0,6bc903e6,bosh-aws-xen-hvm-ubuntu-trusty-go_agent/2941
Fri Apr 24 21:50:43 UTC 2015,release_candidate,1.2859.0,de3daacf,bosh-aws-xen-hvm-ubuntu-trusty-go_agent/2922,0.1147.0,6bc903e6,bosh-aws-xen-hvm-ubuntu-trusty-go_agent/2941
Fri Apr 24 22:04:59 UTC 2015,development,1.2891.0,fc26ee26,bosh-aws-xen-ubuntu-trusty-go_agent/2915,0.1148.0,7a30e365,bosh-aws-xen-hvm-ubuntu-trusty-go_agent/2941
Fri Apr 24 22:31:44 UTC 2015,development,1.2891.0,fc26ee26,bosh-aws-xen-ubuntu-trusty-go_agent/2915,0.1149.0,92196d51,bosh-aws-xen-hvm-ubuntu-trusty-go_agent/2941
Fri Apr 24 22:46:10 UTC 2015,release_candidate,1.2859.0,de3daacf,bosh-aws-xen-hvm-ubuntu-trusty-go_agent/2922,0.1149.0,92196d51,bosh-aws-xen-hvm-ubuntu-trusty-go_agent/2941
Fri Apr 24 23:04:22 UTC 2015,development,1.2891.0,fc26ee26,bosh-aws-xen-ubuntu-trusty-go_agent/2915,0.1150.0,894dfaa4,bosh-aws-xen-hvm-ubuntu-trusty-go_agent/2941
Fri Apr 24 23:31:58 UTC 2015,development,1.2891.0,fc26ee26,bosh-aws-xen-ubuntu-trusty-go_agent/2915,0.1151.0,167be961,bosh-aws-xen-hvm-ubuntu-trusty-go_agent/2941
Fri Apr 24 23:42:28 UTC 2015,release_candidate,1.2859.0,de3daacf,bosh-aws-xen-hvm-ubuntu-trusty-go_agent/2922,0.1151.0,167be961,bosh-aws-xen-hvm-ubuntu-trusty-go_agent/2941
Fri Apr 24 23:52:14 UTC 2015,release_candidate,1.2859.0,de3daacf,bosh-aws-xen-hvm-ubuntu-trusty-go_agent/2922,0.1151.0,167be961,bosh-aws-xen-hvm-ubuntu-trusty-go_agent/2941
Sat Apr 25 03:05:04 UTC 2015,release_candidate,1.2859.0,3330364f,bosh-aws-xen-hvm-ubuntu-trusty-go_agent/2922,0.1152.0,f99862a4,bosh-aws-xen-hvm-ubuntu-trusty-go_agent/2941
Sat Apr 25 03:28:26 UTC 2015,development,1.2891.0,3330364f,bosh-aws-xen-ubuntu-trusty-go_agent/2915,0.1153.0,4940903e,bosh-aws-xen-hvm-ubuntu-trusty-go_agent/2941
Sat Apr 25 03:39:34 UTC 2015,release_candidate,1.2859.0,3330364f,bosh-aws-xen-hvm-ubuntu-trusty-go_agent/2922,0.1153.0,4940903e,bosh-aws-xen-hvm-ubuntu-trusty-go_agent/2941
Sat Apr 25 03:54:36 UTC 2015,release_candidate,1.2859.0,3330364f,bosh-aws-xen-hvm-ubuntu-trusty-go_agent/2922,0.1153.0,4940903e,bosh-aws-xen-hvm-ubuntu-trusty-go_agent/2941
Mon Apr 27 10:03:22 UTC 2015,development,1.2891.0,3330364f,bosh-aws-xen-ubuntu-trusty-go_agent/2915,0.1155.0,a2cd96f9,bosh-aws-xen-hvm-ubuntu-trusty-go_agent/2941
Mon Apr 27 10:32:08 UTC 2015,development,1.2891.0,3330364f,bosh-aws-xen-ubuntu-trusty-go_agent/2915,0.1156.0,cb252f33,bosh-aws-xen-hvm-ubuntu-trusty-go_agent/2941
Mon Apr 27 10:46:26 UTC 2015,release_candidate,1.2859.0,3330364f,bosh-aws-xen-hvm-ubuntu-trusty-go_agent/2941,0.1156.0,cb252f33,bosh-aws-xen-hvm-ubuntu-trusty-go_agent/2941
Mon Apr 27 10:54:08 UTC 2015,release_candidate,1.2859.0,3330364f,bosh-aws-xen-hvm-ubuntu-trusty-go_agent/2941,0.1156.0,cb252f33,bosh-aws-xen-hvm-ubuntu-trusty-go_agent/2941
Mon Apr 27 10:58:12 UTC 2015,development,1.2891.0,3330364f,bosh-aws-xen-ubuntu-trusty-go_agent/2915,0.1157.0,4316fb38,bosh-aws-xen-hvm-ubuntu-trusty-go_agent/2941
Mon Apr 27 11:09:28 UTC 2015,release_candidate,1.2859.0,3330364f,bosh-aws-xen-hvm-ubuntu-trusty-go_agent/2941,0.1157.0,4316fb38,bosh-aws-xen-hvm-ubuntu-trusty-go_agent/2941
Mon Apr 27 11:20:02 UTC 2015,release_candidate,1.2859.0,3330364f,bosh-aws-xen-hvm-ubuntu-trusty-go_agent/2941,0.1157.0,4316fb38,bosh-aws-xen-hvm-ubuntu-trusty-go_agent/2941
Tue Apr 28 21:47:21 UTC 2015,development,1.2891.0,6dbe6e59,bosh-aws-xen-ubuntu-trusty-go_agent/2915,0.1163.0,95ce0a63,bosh-aws-xen-hvm-ubuntu-trusty-go_agent/2950
Tue Apr 28 21:54:29 UTC 2015,development,1.2891.0,6dbe6e59,bosh-aws-xen-ubuntu-trusty-go_agent/2915,0.1163.0,95ce0a63,bosh-aws-xen-hvm-ubuntu-trusty-go_agent/2950
Wed Apr 29 00:00:26 UTC 2015,development,1.2891.0,88ac17d0,bosh-aws-xen-ubuntu-trusty-go_agent/2915,0.1166.0,ae4c53f1,bosh-aws-xen-hvm-ubuntu-trusty-go_agent/2950
Wed Apr 29 00:19:53 UTC 2015,release_candidate,1.2859.0,88ac17d0,bosh-aws-xen-hvm-ubuntu-trusty-go_agent/2941,0.1165.0,424a6a13,bosh-aws-xen-hvm-ubuntu-trusty-go_agent/2950
Wed Apr 29 02:03:10 UTC 2015,development,1.2891.0,c47c795e,bosh-aws-xen-ubuntu-trusty-go_agent/2915,0.1168.0,21cdf3c4,bosh-aws-xen-hvm-ubuntu-trusty-go_agent/2950
Wed Apr 29 02:10:43 UTC 2015,release_candidate,1.2859.0,c47c795e,bosh-aws-xen-hvm-ubuntu-trusty-go_agent/2941,0.1167.0,f3b576e8,bosh-aws-xen-hvm-ubuntu-trusty-go_agent/2950
Wed Apr 29 02:14:43 UTC 2015,development,1.2891.0,c47c795e,bosh-aws-xen-ubuntu-trusty-go_agent/2915,0.1168.0,21cdf3c4,bosh-aws-xen-hvm-ubuntu-trusty-go_agent/2950
Wed Apr 29 02:30:49 UTC 2015,release_candidate,1.2859.0,c47c795e,bosh-aws-xen-hvm-ubuntu-trusty-go_agent/2941,0.1168.0,575f7f8c,bosh-aws-xen-hvm-ubuntu-trusty-go_agent/2950
Wed Apr 29 02:52:28 UTC 2015,development,1.2891.0,c47c795e,bosh-aws-xen-ubuntu-trusty-go_agent/2915,0.1169.0,4d0f2140,bosh-aws-xen-hvm-ubuntu-trusty-go_agent/2950
Wed Apr 29 03:02:29 UTC 2015,release_candidate,1.2859.0,c47c795e,bosh-aws-xen-hvm-ubuntu-trusty-go_agent/2941,0.1169.0,4d0f2140,bosh-aws-xen-hvm-ubuntu-trusty-go_agent/2950
Wed Apr 29 23:27:53 UTC 2015,release_candidate,1.2859.0,7b859ded,bosh-aws-xen-hvm-ubuntu-trusty-go_agent/2941,0.1172.0,da990da3,bosh-aws-xen-hvm-ubuntu-trusty-go_agent/2950
Fri May 1 19:15:24 UTC 2015,release_candidate,1.2859.0,f2de8d8c,bosh-aws-xen-hvm-ubuntu-trusty-go_agent/2941,0.1181.0,0c4c501c,bosh-aws-xen-hvm-ubuntu-trusty-go_agent/2957
Tue May 5 16:01:31 UTC 2015,release_candidate,1.2859.0,a8a68628,bosh-aws-xen-hvm-ubuntu-trusty-go_agent/2962,0.1184.0,9c9ef4ab,bosh-aws-xen-hvm-ubuntu-trusty-go_agent/2962
Wed May 6 00:25:25 UTC 2015,release_candidate,1.2859.0,a8a68628,bosh-aws-xen-hvm-ubuntu-trusty-go_agent/2962,0.1185.0,ead7e393,bosh-aws-xen-hvm-ubuntu-trusty-go_agent/2962
Wed May 6 00:43:07 UTC 2015,release_candidate,1.2859.0,a8a68628,bosh-aws-xen-hvm-ubuntu-trusty-go_agent/2962,0.1186.0,fe5d8cd8,bosh-aws-xen-hvm-ubuntu-trusty-go_agent/2962
Wed May 6 03:36:05 UTC 2015,release_candidate,1.2859.0,b727bfa0,bosh-aws-xen-hvm-ubuntu-trusty-go_agent/2962,0.1187.0,2c1838b6,bosh-aws-xen-hvm-ubuntu-trusty-go_agent/2962
Wed May 6 04:35:56 UTC 2015,release_candidate,1.2859.0,b727bfa0,bosh-aws-xen-hvm-ubuntu-trusty-go_agent/2962,0.1188.0,19ceefd9,bosh-aws-xen-hvm-ubuntu-trusty-go_agent/2962
Wed May 6 04:48:51 UTC 2015,release_candidate,1.2859.0,b727bfa0,bosh-aws-xen-hvm-ubuntu-trusty-go_agent/2962,0.1189.0,e90b617a,bosh-aws-xen-hvm-ubuntu-trusty-go_agent/2962
Thu May 7 01:54:32 UTC 2015,release_candidate,1.2859.0,13473a30,bosh-aws-xen-hvm-ubuntu-trusty-go_agent/2962,0.1192.0,4eeb3e58,bosh-aws-xen-hvm-ubuntu-trusty-go_agent/2962
Thu May 7 02:01:54 UTC 2015,release_candidate,1.2859.0,13473a30,bosh-aws-xen-hvm-ubuntu-trusty-go_agent/2962,0.1192.0,4eeb3e58,bosh-aws-xen-hvm-ubuntu-trusty-go_agent/2962
Thu May 7 13:50:48 UTC 2015,release_candidate,1.2859.0,13473a30,bosh-aws-xen-hvm-ubuntu-trusty-go_agent/2962,0.1193.0,6ef0b699,bosh-aws-xen-hvm-ubuntu-trusty-go_agent/2962
Thu May 7 14:14:40 UTC 2015,release_candidate,1.2859.0,13473a30,bosh-aws-xen-hvm-ubuntu-trusty-go_agent/2962,0.1194.0,21bb0577,bosh-aws-xen-hvm-ubuntu-trusty-go_agent/2962
Fri May 8 06:45:22 UTC 2015,release_candidate,1.2859.0,5d00be54,bosh-aws-xen-hvm-ubuntu-trusty-go_agent/2962,0.1198.0,9fc29298,bosh-aws-xen-hvm-ubuntu-trusty-go_agent/2968
Sat May 9 00:16:21 UTC 2015,release_candidate,1.2859.0,d23a4730,bosh-aws-xen-hvm-ubuntu-trusty-go_agent/2962,0.1198.0,9fc29298,bosh-aws-xen-hvm-ubuntu-trusty-go_agent/2969
Wed May 13 17:44:01 UTC 2015,release_candidate,1.2859.0,7cf577b2,bosh-aws-xen-hvm-ubuntu-trusty-go_agent/2969,0.1198.0,9fc29298,bosh-aws-xen-hvm-ubuntu-trusty-go_agent/2969
Thu May 14 01:37:48 UTC 2015,release_candidate,1.2859.0,b0a57f87,bosh-aws-xen-hvm-ubuntu-trusty-go_agent/2969,0.1198.0,9fc29298,bosh-aws-xen-hvm-ubuntu-trusty-go_agent/2969
Thu May 14 02:53:44 UTC 2015,development,1.2891.0,84dc6921,bosh-aws-xen-ubuntu-trusty-go_agent/2915,0.1204.0,11650c22,bosh-aws-xen-hvm-ubuntu-trusty-go_agent/2969
Thu May 14 03:39:11 UTC 2015,release_candidate,1.2859.0,bbc29eb4,bosh-aws-xen-hvm-ubuntu-trusty-go_agent/2969,0.1204.0,11650c22,bosh-aws-xen-hvm-ubuntu-trusty-go_agent/2969
Thu May 14 07:41:54 UTC 2015,release_candidate,1.2859.0,5cab8a61,bosh-aws-xen-hvm-ubuntu-trusty-go_agent/2969,0.1204.0,11650c22,bosh-aws-xen-hvm-ubuntu-trusty-go_agent/2969
Thu May 14 13:15:41 UTC 2015,development,1.2891.0,5cab8a61,bosh-aws-xen-ubuntu-trusty-go_agent/2915,0.1206.0,76997625,bosh-aws-xen-hvm-ubuntu-trusty-go_agent/2969
Thu May 14 13:39:35 UTC 2015,release_candidate,1.2859.0,5cab8a61,bosh-aws-xen-hvm-ubuntu-trusty-go_agent/2969,0.1206.0,76997625,bosh-aws-xen-hvm-ubuntu-trusty-go_agent/2969
Thu May 14 15:03:09 UTC 2015,development,1.2891.0,5cab8a61,bosh-aws-xen-ubuntu-trusty-go_agent/2915,0.1208.0,cd49e2d1,bosh-aws-xen-hvm-ubuntu-trusty-go_agent/2969
Thu May 14 15:26:43 UTC 2015,release_candidate,1.2859.0,5cab8a61,bosh-aws-xen-hvm-ubuntu-trusty-go_agent/2969,0.1208.0,cd49e2d1,bosh-aws-xen-hvm-ubuntu-trusty-go_agent/2969
Thu May 14 17:27:09 UTC 2015,development,1.2891.0,5cab8a61,bosh-aws-xen-ubuntu-trusty-go_agent/2915,0.1209.0,652512a5,bosh-aws-xen-hvm-ubuntu-trusty-go_agent/2969
Thu May 14 17:54:05 UTC 2015,release_candidate,1.2859.0,5cab8a61,bosh-aws-xen-hvm-ubuntu-trusty-go_agent/2969,0.1209.0,652512a5,bosh-aws-xen-hvm-ubuntu-trusty-go_agent/2969
Thu May 14 19:30:10 UTC 2015,development,1.2891.0,a78e960b,bosh-aws-xen-ubuntu-trusty-go_agent/2915,0.1209.0,652512a5,bosh-aws-xen-hvm-ubuntu-trusty-go_agent/2969
Thu May 14 19:45:17 UTC 2015,release_candidate,1.2859.0,a78e960b,bosh-aws-xen-hvm-ubuntu-trusty-go_agent/2969,0.1209.0,652512a5,bosh-aws-xen-hvm-ubuntu-trusty-go_agent/2969
Thu May 14 20:21:01 UTC 2015,development,1.2891.0,2e706e16,bosh-aws-xen-ubuntu-trusty-go_agent/2915,0.1209.0,652512a5,bosh-aws-xen-hvm-ubuntu-trusty-go_agent/2969
Thu May 14 21:10:13 UTC 2015,development,1.2891.0,92604729,bosh-aws-xen-ubuntu-trusty-go_agent/2915,0.1209.0,652512a5,bosh-aws-xen-hvm-ubuntu-trusty-go_agent/2969
Fri May 15 00:01:06 UTC 2015,development,1.2891.0,0c01ee4b,bosh-aws-xen-ubuntu-trusty-go_agent/2915,0.1209.0,652512a5,bosh-aws-xen-hvm-ubuntu-trusty-go_agent/2969
Fri May 15 02:06:54 UTC 2015,release_candidate,1.2859.0,c3937f01,bosh-aws-xen-hvm-ubuntu-trusty-go_agent/2969,0.1209.0,652512a5,bosh-aws-xen-hvm-ubuntu-trusty-go_agent/2969
Fri May 15 19:27:30 UTC 2015,release_candidate,1.2859.0,35f75e02,bosh-aws-xen-hvm-ubuntu-trusty-go_agent/2969,0.1209.0,652512a5,bosh-aws-xen-hvm-ubuntu-trusty-go_agent/2972
Fri May 15 20:17:58 UTC 2015,release_candidate,1.2859.0,8332eeab,bosh-aws-xen-hvm-ubuntu-trusty-go_agent/2969,0.1209.0,652512a5,bosh-aws-xen-hvm-ubuntu-trusty-go_agent/2972
Sun May 17 21:19:10 UTC 2015,development,1.2891.0,9927792c,bosh-aws-xen-hvm-ubuntu-trusty-go_agent/2972,N/A,ff010c04,bosh-aws-xen-hvm-ubuntu-trusty-go_agent/2972
Sun May 17 22:05:36 UTC 2015,development,1.2891.0,9927792c,bosh-aws-xen-hvm-ubuntu-trusty-go_agent/2972,N/A,618ba390,bosh-aws-xen-hvm-ubuntu-trusty-go_agent/2972
Mon May 18 16:10:15 UTC 2015,development,1.2891.0,9927792c,bosh-aws-xen-hvm-ubuntu-trusty-go_agent/2972,N/A,618ba390,bosh-aws-xen-hvm-ubuntu-trusty-go_agent/2972
Mon May 18 19:34:20 UTC 2015,development,1.2891.0,9927792c,bosh-aws-xen-hvm-ubuntu-trusty-go_agent/2972,N/A,f28c053a,bosh-aws-xen-hvm-ubuntu-trusty-go_agent/2972
Tue May 19 18:36:53 UTC 2015,development,1.2891.0,89da1873,bosh-aws-xen-hvm-ubuntu-trusty-go_agent/2972,N/A,a7122ff2,bosh-aws-xen-hvm-ubuntu-trusty-go_agent/2972
Wed May 20 03:11:40 UTC 2015,development,1.2891.0,ad33a66d,bosh-aws-xen-hvm-ubuntu-trusty-go_agent/2975,N/A,77d66687,bosh-aws-xen-hvm-ubuntu-trusty-go_agent/2975
Wed May 20 04:12:44 UTC 2015,development,1.2891.0,ad33a66d,bosh-aws-xen-hvm-ubuntu-trusty-go_agent/2975,N/A,f1187b2d,bosh-aws-xen-hvm-ubuntu-trusty-go_agent/2975
Wed May 20 05:23:41 UTC 2015,development,1.2891.0,0cbf6910,bosh-aws-xen-hvm-ubuntu-trusty-go_agent/2975,N/A,f1187b2d,bosh-aws-xen-hvm-ubuntu-trusty-go_agent/2975
Wed May 20 19:06:23 UTC 2015,development,1.2891.0,0cbf6910,bosh-aws-xen-hvm-ubuntu-trusty-go_agent/2975,N/A,2b1a720a,bosh-aws-xen-hvm-ubuntu-trusty-go_agent/2975
Wed May 20 21:18:03 UTC 2015,development,1.2891.0,7772ef42,bosh-aws-xen-hvm-ubuntu-trusty-go_agent/2975,N/A,2b1a720a,bosh-aws-xen-hvm-ubuntu-trusty-go_agent/2975
Thu May 21 03:00:59 UTC 2015,development,1.2891.0,0425ce46,bosh-aws-xen-hvm-ubuntu-trusty-go_agent/2975,N/A,1f0884a2,bosh-aws-xen-hvm-ubuntu-trusty-go_agent/2975
Thu May 21 09:08:26 UTC 2015,development,1.2891.0,0425ce46,bosh-aws-xen-hvm-ubuntu-trusty-go_agent/2976,N/A,1f0884a2,bosh-aws-xen-hvm-ubuntu-trusty-go_agent/2976
Thu May 21 17:21:01 UTC 2015,development,1.2891.0,0425ce46,bosh-aws-xen-hvm-ubuntu-trusty-go_agent/2976,N/A,c1a2de82,bosh-aws-xen-hvm-ubuntu-trusty-go_agent/2976
Thu May 21 18:24:10 UTC 2015,release_candidate,1.2859.0,0fd4ca32,bosh-aws-xen-hvm-ubuntu-trusty-go_agent/2972,0.1241.0,c1a2de82,bosh-aws-xen-hvm-ubuntu-trusty-go_agent/2976
Thu May 21 18:36:43 UTC 2015,development,1.2891.0,0fd4ca32,bosh-aws-xen-hvm-ubuntu-trusty-go_agent/2976,N/A,c1a2de82,bosh-aws-xen-hvm-ubuntu-trusty-go_agent/2976
Thu May 21 18:55:21 UTC 2015,release_candidate,1.2859.0,0fd4ca32,bosh-aws-xen-hvm-ubuntu-trusty-go_agent/2972,0.1241.0,c1a2de82,bosh-aws-xen-hvm-ubuntu-trusty-go_agent/2976
Thu May 21 19:59:18 UTC 2015,release_candidate,1.2859.0,f121b398,bosh-aws-xen-hvm-ubuntu-trusty-go_agent/2972,0.1241.0,c1a2de82,bosh-aws-xen-hvm-ubuntu-trusty-go_agent/2976
Thu May 21 22:59:59 UTC 2015,development,1.2891.0,f121b398,bosh-aws-xen-hvm-ubuntu-trusty-go_agent/2976,N/A,f30e6868,bosh-aws-xen-hvm-ubuntu-trusty-go_agent/2976
Thu May 21 23:14:53 UTC 2015,release_candidate,1.2859.0,a3011e11,bosh-aws-xen-hvm-ubuntu-trusty-go_agent/2972,0.1241.0,c1a2de82,bosh-aws-xen-hvm-ubuntu-trusty-go_agent/2976
Thu May 21 23:38:42 UTC 2015,release_candidate,1.2859.0,a3011e11,bosh-aws-xen-hvm-ubuntu-trusty-go_agent/2972,0.1242.0,f30e6868,bosh-aws-xen-hvm-ubuntu-trusty-go_agent/2976
Fri May 22 01:27:10 UTC 2015,release_candidate,1.2859.0,907f2bfe,bosh-aws-xen-hvm-ubuntu-trusty-go_agent/2972,0.1242.0,f30e6868,bosh-aws-xen-hvm-ubuntu-trusty-go_agent/2976
Fri May 22 07:04:40 UTC 2015,development,1.2891.0,f7f3edf0,bosh-aws-xen-hvm-ubuntu-trusty-go_agent/2976,N/A,22a22749,bosh-aws-xen-hvm-ubuntu-trusty-go_agent/2976
Fri May 22 07:35:14 UTC 2015,release_candidate,1.2859.0,f7f3edf0,bosh-aws-xen-hvm-ubuntu-trusty-go_agent/2972,0.1244.0,22a22749,bosh-aws-xen-hvm-ubuntu-trusty-go_agent/2976
Fri May 22 07:48:32 UTC 2015,development,1.2891.0,f7f3edf0,bosh-aws-xen-hvm-ubuntu-trusty-go_agent/2976,N/A,25be7c4d,bosh-aws-xen-hvm-ubuntu-trusty-go_agent/2976
Fri May 22 08:04:19 UTC 2015,release_candidate,1.2859.0,f7f3edf0,bosh-aws-xen-hvm-ubuntu-trusty-go_agent/2972,0.1245.0,25be7c4d,bosh-aws-xen-hvm-ubuntu-trusty-go_agent/2976
Fri May 22 20:49:23 UTC 2015,release_candidate,1.2859.0,211e35ec,bosh-aws-xen-hvm-ubuntu-trusty-go_agent/2972,0.1245.0,25be7c4d,bosh-aws-xen-hvm-ubuntu-trusty-go_agent/2977
Sat May 23 00:32:47 UTC 2015,development,1.2891.0,211e35ec,bosh-aws-xen-hvm-ubuntu-trusty-go_agent/2977,N/A,a61fd2fa,bosh-aws-xen-hvm-ubuntu-trusty-go_agent/2977
Sat May 23 00:52:38 UTC 2015,release_candidate,1.2859.0,211e35ec,bosh-aws-xen-hvm-ubuntu-trusty-go_agent/2972,0.1246.0,a61fd2fa,bosh-aws-xen-hvm-ubuntu-trusty-go_agent/2977
Sat May 23 01:30:14 UTC 2015,development,1.2891.0,211e35ec,bosh-aws-xen-hvm-ubuntu-trusty-go_agent/2977,N/A,f28b26c4,bosh-aws-xen-hvm-ubuntu-trusty-go_agent/2977
Sat May 23 10:07:25 UTC 2015,release_candidate,1.2859.0,211e35ec,bosh-aws-xen-hvm-ubuntu-trusty-go_agent/2972,0.1247.0,f28b26c4,bosh-aws-xen-hvm-ubuntu-trusty-go_agent/2977
Sun May 24 06:30:12 UTC 2015,release_candidate,1.2859.0,211e35ec,bosh-aws-xen-hvm-ubuntu-trusty-go_agent/2977,0.1247.0,f28b26c4,bosh-aws-xen-hvm-ubuntu-trusty-go_agent/2977
Sun May 24 07:56:18 UTC 2015,development,1.2891.0,b4ffc884,bosh-aws-xen-hvm-ubuntu-trusty-go_agent/2977,N/A,b3b84601,bosh-aws-xen-hvm-ubuntu-trusty-go_agent/2977
Sun May 24 08:02:53 UTC 2015,release_candidate,1.2859.0,b4ffc884,bosh-aws-xen-hvm-ubuntu-trusty-go_agent/2977,0.1247.0,f28b26c4,bosh-aws-xen-hvm-ubuntu-trusty-go_agent/2977
Mon May 25 11:05:15 UTC 2015,development,1.2891.0,b4ffc884,bosh-aws-xen-hvm-ubuntu-trusty-go_agent/2977,N/A,10d62c05,bosh-aws-xen-hvm-ubuntu-trusty-go_agent/2977
Mon May 25 20:05:04 UTC 2015,release_candidate,1.2859.0,b4ffc884,bosh-aws-xen-hvm-ubuntu-trusty-go_agent/2977,0.1247.0,f28b26c4,bosh-aws-xen-hvm-ubuntu-trusty-go_agent/2977
Mon May 25 20:32:03 UTC 2015,development,1.2891.0,663721e8,bosh-aws-xen-hvm-ubuntu-trusty-go_agent/2977,N/A,10d62c05,bosh-aws-xen-hvm-ubuntu-trusty-go_agent/2977
Mon May 25 22:25:52 UTC 2015,release_candidate,1.2859.0,b4ffc884,bosh-aws-xen-hvm-ubuntu-trusty-go_agent/2977,0.1247.0,f28b26c4,bosh-aws-xen-hvm-ubuntu-trusty-go_agent/2977
Mon May 25 22:49:41 UTC 2015,development,1.2891.0,40f71e41,bosh-aws-xen-hvm-ubuntu-trusty-go_agent/2977,N/A,10d62c05,bosh-aws-xen-hvm-ubuntu-trusty-go_agent/2977
Mon May 25 23:32:54 UTC 2015,release_candidate,1.2859.0,b4ffc884,bosh-aws-xen-hvm-ubuntu-trusty-go_agent/2977,0.1247.0,f28b26c4,bosh-aws-xen-hvm-ubuntu-trusty-go_agent/2977
Mon May 25 23:55:39 UTC 2015,development,1.2891.0,fc679796,bosh-aws-xen-hvm-ubuntu-trusty-go_agent/2977,N/A,10d62c05,bosh-aws-xen-hvm-ubuntu-trusty-go_agent/2977
Tue May 26 01:51:01 UTC 2015,release_candidate,1.2859.0,61dfa067,bosh-aws-xen-hvm-ubuntu-trusty-go_agent/2977,0.1247.0,f28b26c4,bosh-aws-xen-hvm-ubuntu-trusty-go_agent/2977
Tue May 26 02:11:32 UTC 2015,development,1.2891.0,61dfa067,bosh-aws-xen-hvm-ubuntu-trusty-go_agent/2977,N/A,10d62c05,bosh-aws-xen-hvm-ubuntu-trusty-go_agent/2977
Tue May 26 07:06:59 UTC 2015,release_candidate,1.2859.0,61dfa067,bosh-aws-xen-hvm-ubuntu-trusty-go_agent/2977,0.1247.0,f28b26c4,bosh-aws-xen-hvm-ubuntu-trusty-go_agent/2977
Tue May 26 07:41:45 UTC 2015,development,1.2891.0,866577bf,bosh-aws-xen-hvm-ubuntu-trusty-go_agent/2977,N/A,10d62c05,bosh-aws-xen-hvm-ubuntu-trusty-go_agent/2977
Tue May 26 14:53:27 UTC 2015,release_candidate,1.2859.0,9b175bb2,bosh-aws-xen-hvm-ubuntu-trusty-go_agent/2977,0.1247.0,f28b26c4,bosh-aws-xen-hvm-ubuntu-trusty-go_agent/2977
Tue May 26 15:01:44 UTC 2015,development,1.2891.0,9b175bb2,bosh-aws-xen-hvm-ubuntu-trusty-go_agent/2977,N/A,10d62c05,bosh-aws-xen-hvm-ubuntu-trusty-go_agent/2977
Tue May 26 17:43:01 UTC 2015,release_candidate,1.2859.0,4a54297d,bosh-aws-xen-hvm-ubuntu-trusty-go_agent/2977,0.1247.0,f28b26c4,bosh-aws-xen-hvm-ubuntu-trusty-go_agent/2977
Tue May 26 18:11:12 UTC 2015,development,1.2891.0,4a54297d,bosh-aws-xen-hvm-ubuntu-trusty-go_agent/2977,N/A,10d62c05,bosh-aws-xen-hvm-ubuntu-trusty-go_agent/2977
Tue May 26 18:47:48 UTC 2015,release_candidate,1.2859.0,56d25aee,bosh-aws-xen-hvm-ubuntu-trusty-go_agent/2977,0.1247.0,f28b26c4,bosh-aws-xen-hvm-ubuntu-trusty-go_agent/2977
Tue May 26 19:16:31 UTC 2015,development,1.2891.0,56d25aee,bosh-aws-xen-hvm-ubuntu-trusty-go_agent/2977,N/A,10d62c05,bosh-aws-xen-hvm-ubuntu-trusty-go_agent/2977
Tue May 26 19:49:51 UTC 2015,release_candidate,1.2859.0,56d25aee,bosh-aws-xen-hvm-ubuntu-trusty-go_agent/2977,0.1247.0,f28b26c4,bosh-aws-xen-hvm-ubuntu-trusty-go_agent/2977
Tue May 26 20:05:44 UTC 2015,development,1.2891.0,b1412570,bosh-aws-xen-hvm-ubuntu-trusty-go_agent/2977,N/A,10d62c05,bosh-aws-xen-hvm-ubuntu-trusty-go_agent/2977
Tue May 26 22:37:03 UTC 2015,development,1.2891.0,b1412570,bosh-aws-xen-hvm-ubuntu-trusty-go_agent/2977,N/A,7c9ef682,bosh-aws-xen-hvm-ubuntu-trusty-go_agent/2977
Tue May 26 23:12:42 UTC 2015,release_candidate,1.2859.0,2cb28e24,bosh-aws-xen-hvm-ubuntu-trusty-go_agent/2977,0.1251.0,7c9ef682,bosh-aws-xen-hvm-ubuntu-trusty-go_agent/2977
Tue May 26 23:24:08 UTC 2015,release_candidate,1.2859.0,2cb28e24,bosh-aws-xen-hvm-ubuntu-trusty-go_agent/2977,0.1251.0,7c9ef682,bosh-aws-xen-hvm-ubuntu-trusty-go_agent/2977
Tue May 26 23:40:41 UTC 2015,development,1.2891.0,2cb28e24,bosh-aws-xen-hvm-ubuntu-trusty-go_agent/2977,N/A,7c9ef682,bosh-aws-xen-hvm-ubuntu-trusty-go_agent/2977
Wed May 27 00:33:18 UTC 2015,release_candidate,1.2859.0,a0a50c55,bosh-aws-xen-hvm-ubuntu-trusty-go_agent/2977,0.1251.0,7c9ef682,bosh-aws-xen-hvm-ubuntu-trusty-go_agent/2977
Wed May 27 00:57:40 UTC 2015,development,1.2891.0,2cb28e24,bosh-aws-xen-hvm-ubuntu-trusty-go_agent/2977,N/A,7a89df4b,bosh-aws-xen-hvm-ubuntu-trusty-go_agent/2977
Wed May 27 02:26:52 UTC 2015,release_candidate,1.2859.0,5d4e7c48,bosh-aws-xen-hvm-ubuntu-trusty-go_agent/2977,0.1252.0,7a89df4b,bosh-aws-xen-hvm-ubuntu-trusty-go_agent/2977
Wed May 27 02:40:28 UTC 2015,release_candidate,1.2859.0,5d4e7c48,bosh-aws-xen-hvm-ubuntu-trusty-go_agent/2977,0.1252.0,7a89df4b,bosh-aws-xen-hvm-ubuntu-trusty-go_agent/2977
Wed May 27 03:29:34 UTC 2015,release_candidate,1.2859.0,30fe98d1,bosh-aws-xen-hvm-ubuntu-trusty-go_agent/2977,0.1252.0,7a89df4b,bosh-aws-xen-hvm-ubuntu-trusty-go_agent/2977
Wed May 27 07:02:04 UTC 2015,development,1.2891.0,a0a50c55,bosh-aws-xen-hvm-ubuntu-trusty-go_agent/2977,N/A,7a89df4b,bosh-aws-xen-hvm-ubuntu-trusty-go_agent/2977
Wed May 27 08:46:01 UTC 2015,development,1.2891.0,caee3e09,bosh-aws-xen-hvm-ubuntu-trusty-go_agent/2977,N/A,7a89df4b,bosh-aws-xen-hvm-ubuntu-trusty-go_agent/2977
Wed May 27 11:12:45 UTC 2015,development,1.2891.0,5d4e7c48,bosh-aws-xen-hvm-ubuntu-trusty-go_agent/2977,N/A,7a89df4b,bosh-aws-xen-hvm-ubuntu-trusty-go_agent/2977
Wed May 27 12:08:34 UTC 2015,development,1.2891.0,30fe98d1,bosh-aws-xen-hvm-ubuntu-trusty-go_agent/2977,N/A,7a89df4b,bosh-aws-xen-hvm-ubuntu-trusty-go_agent/2977
Wed May 27 13:43:01 UTC 2015,development,1.2891.0,30fe98d1,bosh-aws-xen-hvm-ubuntu-trusty-go_agent/2977,N/A,dbba4d28,bosh-aws-xen-hvm-ubuntu-trusty-go_agent/2977
Wed May 27 14:09:41 UTC 2015,release_candidate,1.2859.0,30fe98d1,bosh-aws-xen-hvm-ubuntu-trusty-go_agent/2977,0.1253.0,bb791021,bosh-aws-xen-hvm-ubuntu-trusty-go_agent/2977
Wed May 27 19:49:58 UTC 2015,development,1.2891.0,30fe98d1,bosh-aws-xen-hvm-ubuntu-trusty-go_agent/2977,N/A,e6594c53,bosh-aws-xen-hvm-ubuntu-trusty-go_agent/2977
Wed May 27 20:12:44 UTC 2015,release_candidate,1.2859.0,deeff258,bosh-aws-xen-hvm-ubuntu-trusty-go_agent/2977,0.1254.0,bc31c1a0,bosh-aws-xen-hvm-ubuntu-trusty-go_agent/2977
Wed May 27 20:28:36 UTC 2015,release_candidate,1.2859.0,deeff258,bosh-aws-xen-hvm-ubuntu-trusty-go_agent/2977,0.1254.0,bc31c1a0,bosh-aws-xen-hvm-ubuntu-trusty-go_agent/2977
Wed May 27 20:43:31 UTC 2015,development,1.2891.0,30fe98d1,bosh-aws-xen-hvm-ubuntu-trusty-go_agent/2977,N/A,ff2c70eb,bosh-aws-xen-hvm-ubuntu-trusty-go_agent/2977
Wed May 27 20:57:12 UTC 2015,release_candidate,1.2859.0,deeff258,bosh-aws-xen-hvm-ubuntu-trusty-go_agent/2977,0.1254.0,bc31c1a0,bosh-aws-xen-hvm-ubuntu-trusty-go_agent/2977
Wed May 27 21:08:57 UTC 2015,release_candidate,1.2859.0,deeff258,bosh-aws-xen-hvm-ubuntu-trusty-go_agent/2977,0.1255.0,ff2c70eb,bosh-aws-xen-hvm-ubuntu-trusty-go_agent/2977
Wed May 27 21:20:28 UTC 2015,development,1.2891.0,deeff258,bosh-aws-xen-hvm-ubuntu-trusty-go_agent/2977,N/A,ff2c70eb,bosh-aws-xen-hvm-ubuntu-trusty-go_agent/2977
Wed May 27 21:39:24 UTC 2015,release_candidate,1.2859.0,deeff258,bosh-aws-xen-hvm-ubuntu-trusty-go_agent/2977,0.1255.0,ff2c70eb,bosh-aws-xen-hvm-ubuntu-trusty-go_agent/2977
Wed May 27 21:58:34 UTC 2015,development,1.2891.0,deeff258,bosh-aws-xen-hvm-ubuntu-trusty-go_agent/2977,N/A,ff2c70eb,bosh-aws-xen-hvm-ubuntu-trusty-go_agent/2977
Wed May 27 22:11:02 UTC 2015,release_candidate,1.2859.0,deeff258,bosh-aws-xen-hvm-ubuntu-trusty-go_agent/2977,0.1255.0,ff2c70eb,bosh-aws-xen-hvm-ubuntu-trusty-go_agent/2977
Wed May 27 23:16:01 UTC 2015,release_candidate,1.2859.0,deeff258,bosh-aws-xen-hvm-ubuntu-trusty-go_agent/2977,0.1255.0,ff2c70eb,bosh-aws-xen-hvm-ubuntu-trusty-go_agent/2977
Wed May 27 23:30:50 UTC 2015,development,1.2891.0,deeff258,bosh-aws-xen-hvm-ubuntu-trusty-go_agent/2977,N/A,a0de8aaf,bosh-aws-xen-hvm-ubuntu-trusty-go_agent/2977
Thu May 28 00:36:13 UTC 2015,release_candidate,1.2859.0,874ed471,bosh-aws-xen-hvm-ubuntu-trusty-go_agent/2977,0.1256.0,f4f2fee1,bosh-aws-xen-hvm-ubuntu-trusty-go_agent/2977
Thu May 28 05:48:28 UTC 2015,development,1.2891.0,874ed471,bosh-aws-xen-hvm-ubuntu-trusty-go_agent/2977,N/A,a0de8aaf,bosh-aws-xen-hvm-ubuntu-trusty-go_agent/2977
Thu May 28 07:30:08 UTC 2015,development,1.2891.0,874ed471,bosh-aws-xen-hvm-ubuntu-trusty-go_agent/2977,N/A,a0de8aaf,bosh-aws-xen-hvm-ubuntu-trusty-go_agent/2977
Thu May 28 14:25:22 UTC 2015,development,1.2891.0,874ed471,bosh-aws-xen-hvm-ubuntu-trusty-go_agent/2977,N/A,a0de8aaf,bosh-aws-xen-hvm-ubuntu-trusty-go_agent/2977
Thu May 28 16:51:25 UTC 2015,development,1.2891.0,874ed471,bosh-aws-xen-hvm-ubuntu-trusty-go_agent/2977,N/A,dad427e3,bosh-aws-xen-hvm-ubuntu-trusty-go_agent/2977
Thu May 28 17:06:05 UTC 2015,release_candidate,1.2859.0,05a520e6,bosh-aws-xen-hvm-ubuntu-trusty-go_agent/2977,0.1256.0,f4f2fee1,bosh-aws-xen-hvm-ubuntu-trusty-go_agent/2977
Thu May 28 17:23:39 UTC 2015,release_candidate,1.2859.0,05a520e6,bosh-aws-xen-hvm-ubuntu-trusty-go_agent/2977,0.1257.0,131f791e,bosh-aws-xen-hvm-ubuntu-trusty-go_agent/2977
Thu May 28 17:41:36 UTC 2015,development,1.2891.0,874ed471,bosh-aws-xen-hvm-ubuntu-trusty-go_agent/2977,N/A,8c4160fb,bosh-aws-xen-hvm-ubuntu-trusty-go_agent/2977
Thu May 28 17:45:03 UTC 2015,release_candidate,1.2859.0,05a520e6,bosh-aws-xen-hvm-ubuntu-trusty-go_agent/2977,0.1257.0,131f791e,bosh-aws-xen-hvm-ubuntu-trusty-go_agent/2977
Thu May 28 18:00:11 UTC 2015,release_candidate,1.2859.0,05a520e6,bosh-aws-xen-hvm-ubuntu-trusty-go_agent/2977,0.1258.0,8c4160fb,bosh-aws-xen-hvm-ubuntu-trusty-go_agent/2977
Thu May 28 18:25:40 UTC 2015,development,1.2891.0,05a520e6,bosh-aws-xen-hvm-ubuntu-trusty-go_agent/2977,N/A,8c4160fb,bosh-aws-xen-hvm-ubuntu-trusty-go_agent/2977
Thu May 28 21:54:56 UTC 2015,development,1.2891.0,05a520e6,bosh-aws-xen-hvm-ubuntu-trusty-go_agent/2977,N/A,859a23dc,bosh-aws-xen-hvm-ubuntu-trusty-go_agent/2977
Thu May 28 22:46:59 UTC 2015,release_candidate,1.2859.0,76e5f75f,bosh-aws-xen-hvm-ubuntu-trusty-go_agent/2977,0.1259.0,859a23dc,bosh-aws-xen-hvm-ubuntu-trusty-go_agent/2977
Thu May 28 23:05:32 UTC 2015,development,1.2891.0,05a520e6,bosh-aws-xen-hvm-ubuntu-trusty-go_agent/2977,N/A,c2444fae,bosh-aws-xen-hvm-ubuntu-trusty-go_agent/2977
Thu May 28 23:25:04 UTC 2015,release_candidate,1.2859.0,76e5f75f,bosh-aws-xen-hvm-ubuntu-trusty-go_agent/2977,0.1260.0,c2444fae,bosh-aws-xen-hvm-ubuntu-trusty-go_agent/2977
Fri May 29 01:48:12 UTC 2015,development,1.2891.0,b421f6f6,bosh-aws-xen-hvm-ubuntu-trusty-go_agent/2977,N/A,0508ca67,bosh-aws-xen-hvm-ubuntu-trusty-go_agent/2977
Fri May 29 02:00:49 UTC 2015,release_candidate,1.2859.0,b421f6f6,bosh-aws-xen-hvm-ubuntu-trusty-go_agent/2977,0.1260.0,c2444fae,bosh-aws-xen-hvm-ubuntu-trusty-go_agent/2977
Fri May 29 02:26:54 UTC 2015,release_candidate,1.2859.0,d8df9101,bosh-aws-xen-hvm-ubuntu-trusty-go_agent/2977,0.1261.0,0508ca67,bosh-aws-xen-hvm-ubuntu-trusty-go_agent/2977
Fri May 29 02:43:41 UTC 2015,release_candidate,1.2859.0,d8df9101,bosh-aws-xen-hvm-ubuntu-trusty-go_agent/2977,0.1261.0,0508ca67,bosh-aws-xen-hvm-ubuntu-trusty-go_agent/2977
Fri May 29 03:34:39 UTC 2015,development,1.2891.0,d97d3d0e,bosh-aws-xen-hvm-ubuntu-trusty-go_agent/2977,N/A,0508ca67,bosh-aws-xen-hvm-ubuntu-trusty-go_agent/2977
Fri May 29 04:25:07 UTC 2015,development,1.2891.0,d8df9101,bosh-aws-xen-hvm-ubuntu-trusty-go_agent/2977,N/A,0508ca67,bosh-aws-xen-hvm-ubuntu-trusty-go_agent/2977
Fri May 29 11:23:49 UTC 2015,development,1.2891.0,d8df9101,bosh-aws-xen-hvm-ubuntu-trusty-go_agent/2977,N/A,0508ca67,bosh-aws-xen-hvm-ubuntu-trusty-go_agent/2977
Fri May 29 12:22:56 UTC 2015,development,1.2891.0,d8df9101,bosh-aws-xen-hvm-ubuntu-trusty-go_agent/2977,N/A,ea995a56,bosh-aws-xen-hvm-ubuntu-trusty-go_agent/2977
Fri May 29 12:44:53 UTC 2015,release_candidate,1.2859.0,d8df9101,bosh-aws-xen-hvm-ubuntu-trusty-go_agent/2977,0.1262.0,ea995a56,bosh-aws-xen-hvm-ubuntu-trusty-go_agent/2977
Fri May 29 13:17:27 UTC 2015,development,1.2891.0,d8df9101,bosh-aws-xen-hvm-ubuntu-trusty-go_agent/2977,N/A,b308e2e1,bosh-aws-xen-hvm-ubuntu-trusty-go_agent/2977
Fri May 29 13:34:27 UTC 2015,release_candidate,1.2859.0,d8df9101,bosh-aws-xen-hvm-ubuntu-trusty-go_agent/2977,0.1263.0,b308e2e1,bosh-aws-xen-hvm-ubuntu-trusty-go_agent/2977
Fri May 29 17:22:29 UTC 2015,development,1.2891.0,d8df9101,bosh-aws-xen-hvm-ubuntu-trusty-go_agent/2977,N/A,a7213d6c,bosh-aws-xen-hvm-ubuntu-trusty-go_agent/2977
Fri May 29 17:46:47 UTC 2015,release_candidate,1.2859.0,215d7171,bosh-aws-xen-hvm-ubuntu-trusty-go_agent/2977,0.1263.0,b308e2e1,bosh-aws-xen-hvm-ubuntu-trusty-go_agent/2977
Fri May 29 18:06:05 UTC 2015,release_candidate,1.2859.0,215d7171,bosh-aws-xen-hvm-ubuntu-trusty-go_agent/2977,0.1264.0,a7213d6c,bosh-aws-xen-hvm-ubuntu-trusty-go_agent/2977
Fri May 29 18:39:07 UTC 2015,development,1.2891.0,215d7171,bosh-aws-xen-hvm-ubuntu-trusty-go_agent/2977,N/A,a7213d6c,bosh-aws-xen-hvm-ubuntu-trusty-go_agent/2977
Fri May 29 18:56:55 UTC 2015,release_candidate,1.2859.0,0a99ba82,bosh-aws-xen-hvm-ubuntu-trusty-go_agent/2977,0.1264.0,a7213d6c,bosh-aws-xen-hvm-ubuntu-trusty-go_agent/2977
Fri May 29 19:29:36 UTC 2015,development,1.2891.0,215d7171,bosh-aws-xen-hvm-ubuntu-trusty-go_agent/2977,N/A,22d932e8,bosh-aws-xen-hvm-ubuntu-trusty-go_agent/2977
Fri May 29 19:57:02 UTC 2015,release_candidate,1.2859.0,28fcd290,bosh-aws-xen-hvm-ubuntu-trusty-go_agent/2977,0.1265.0,22d932e8,bosh-aws-xen-hvm-ubuntu-trusty-go_agent/2977
Fri May 29 20:01:54 UTC 2015,development,1.2891.0,0a99ba82,bosh-aws-xen-hvm-ubuntu-trusty-go_agent/2977,N/A,22d932e8,bosh-aws-xen-hvm-ubuntu-trusty-go_agent/2977
Fri May 29 20:12:33 UTC 2015,release_candidate,1.2859.0,28fcd290,bosh-aws-xen-hvm-ubuntu-trusty-go_agent/2977,0.1265.0,22d932e8,bosh-aws-xen-hvm-ubuntu-trusty-go_agent/2977
Fri May 29 21:25:07 UTC 2015,development,1.2891.0,0a99ba82,bosh-aws-xen-hvm-ubuntu-trusty-go_agent/2977,N/A,5065d068,bosh-aws-xen-hvm-ubuntu-trusty-go_agent/2977
Fri May 29 21:49:41 UTC 2015,release_candidate,1.2859.0,28fcd290,bosh-aws-xen-hvm-ubuntu-trusty-go_agent/2977,0.1266.0,5065d068,bosh-aws-xen-hvm-ubuntu-trusty-go_agent/2977
Fri May 29 22:05:44 UTC 2015,development,1.2891.0,28fcd290,bosh-aws-xen-hvm-ubuntu-trusty-go_agent/2977,N/A,5065d068,bosh-aws-xen-hvm-ubuntu-trusty-go_agent/2977
Fri May 29 22:18:44 UTC 2015,release_candidate,1.2859.0,7e1ad6d0,bosh-aws-xen-hvm-ubuntu-trusty-go_agent/2977,0.1266.0,5065d068,bosh-aws-xen-hvm-ubuntu-trusty-go_agent/2977
Sat May 30 02:32:12 UTC 2015,development,1.2891.0,28fcd290,bosh-aws-xen-hvm-ubuntu-trusty-go_agent/2977,N/A,e97dcd29,bosh-aws-xen-hvm-ubuntu-trusty-go_agent/2977
Sat May 30 02:48:21 UTC 2015,release_candidate,1.2859.0,d80717c7,bosh-aws-xen-hvm-ubuntu-trusty-go_agent/2977,0.1267.0,e97dcd29,bosh-aws-xen-hvm-ubuntu-trusty-go_agent/2977
Sat May 30 04:10:05 UTC 2015,release_candidate,1.2859.0,9d399db4,bosh-aws-xen-hvm-ubuntu-trusty-go_agent/2977,0.1267.0,e97dcd29,bosh-aws-xen-hvm-ubuntu-trusty-go_agent/2977
Mon Jun 1 21:14:02 UTC 2015,development,1.2891.0,f7589c17,bosh-aws-xen-hvm-ubuntu-trusty-go_agent/2977,N/A,e97dcd29,bosh-aws-xen-hvm-ubuntu-trusty-go_agent/2977
Mon Jun 1 23:14:42 UTC 2015,release_candidate,1.2859.0,1d7d8b25,bosh-aws-xen-hvm-ubuntu-trusty-go_agent/2977,0.1267.0,e97dcd29,bosh-aws-xen-hvm-ubuntu-trusty-go_agent/2977
Mon Jun 1 23:22:19 UTC 2015,development,1.2891.0,1d7d8b25,bosh-aws-xen-hvm-ubuntu-trusty-go_agent/2977,N/A,e97dcd29,bosh-aws-xen-hvm-ubuntu-trusty-go_agent/2977
Tue Jun 2 00:17:04 UTC 2015,development,1.2891.0,1d7d8b25,bosh-aws-xen-hvm-ubuntu-trusty-go_agent/2977,N/A,dc46ae92,bosh-aws-xen-hvm-ubuntu-trusty-go_agent/2977
Tue Jun 2 01:10:26 UTC 2015,release_candidate,1.2859.0,0d0c8541,bosh-aws-xen-hvm-ubuntu-trusty-go_agent/2977,0.1268.0,dc46ae92,bosh-aws-xen-hvm-ubuntu-trusty-go_agent/2978
Tue Jun 2 02:39:10 UTC 2015,development,1.2891.0,0d0c8541,bosh-aws-xen-hvm-ubuntu-trusty-go_agent/2978,N/A,b01ec7a8,bosh-aws-xen-hvm-ubuntu-trusty-go_agent/2978
Tue Jun 2 03:22:08 UTC 2015,development,1.2891.0,0d0c8541,bosh-aws-xen-hvm-ubuntu-trusty-go_agent/2978,N/A,c6c27219,bosh-aws-xen-hvm-ubuntu-trusty-go_agent/2978
Tue Jun 2 03:41:36 UTC 2015,release_candidate,1.2859.0,0d0c8541,bosh-aws-xen-hvm-ubuntu-trusty-go_agent/2977,0.1270.0,ab79d5d5,bosh-aws-xen-hvm-ubuntu-trusty-go_agent/2978
Tue Jun 2 17:21:12 UTC 2015,development,1.2891.0,0d0c8541,bosh-aws-xen-hvm-ubuntu-trusty-go_agent/2978,N/A,f447075c,bosh-aws-xen-hvm-ubuntu-trusty-go_agent/2978
Tue Jun 2 18:08:17 UTC 2015,development,1.2891.0,0d0c8541,bosh-aws-xen-hvm-ubuntu-trusty-go_agent/2978,N/A,976560d0,bosh-aws-xen-hvm-ubuntu-trusty-go_agent/2978
Tue Jun 2 19:05:11 UTC 2015,release_candidate,1.2859.0,0d0c8541,bosh-aws-xen-hvm-ubuntu-trusty-go_agent/2977,0.1271.0,a52910f8,bosh-aws-xen-hvm-ubuntu-trusty-go_agent/2978
Tue Jun 2 21:16:17 UTC 2015,development,1.2891.0,51d0a439,bosh-aws-xen-hvm-ubuntu-trusty-go_agent/2978,N/A,883bdf52,bosh-aws-xen-hvm-ubuntu-trusty-go_agent/2978
Tue Jun 2 21:35:53 UTC 2015,release_candidate,1.2859.0,51d0a439,bosh-aws-xen-hvm-ubuntu-trusty-go_agent/2977,0.1274.0,883bdf52,bosh-aws-xen-hvm-ubuntu-trusty-go_agent/2978
Tue Jun 2 22:13:14 UTC 2015,release_candidate,1.2859.0,0bc3ffaa,bosh-aws-xen-hvm-ubuntu-trusty-go_agent/2977,0.1274.0,883bdf52,bosh-aws-xen-hvm-ubuntu-trusty-go_agent/2978
Tue Jun 2 22:47:08 UTC 2015,development,1.2891.0,51d0a439,bosh-aws-xen-hvm-ubuntu-trusty-go_agent/2978,N/A,da3319e6,bosh-aws-xen-hvm-ubuntu-trusty-go_agent/2978
Tue Jun 2 23:24:50 UTC 2015,release_candidate,1.2859.0,fa024bda,bosh-aws-xen-hvm-ubuntu-trusty-go_agent/2977,0.1276.0,da3319e6,bosh-aws-xen-hvm-ubuntu-trusty-go_agent/2978
Tue Jun 2 23:36:43 UTC 2015,development,1.2891.0,0bc3ffaa,bosh-aws-xen-hvm-ubuntu-trusty-go_agent/2978,N/A,da3319e6,bosh-aws-xen-hvm-ubuntu-trusty-go_agent/2978
Wed Jun 3 00:32:23 UTC 2015,release_candidate,1.2859.0,dac53ae8,bosh-aws-xen-hvm-ubuntu-trusty-go_agent/2977,0.1276.0,da3319e6,bosh-aws-xen-hvm-ubuntu-trusty-go_agent/2978
Wed Jun 3 01:02:17 UTC 2015,development,1.2891.0,fa024bda,bosh-aws-xen-hvm-ubuntu-trusty-go_agent/2978,N/A,da3319e6,bosh-aws-xen-hvm-ubuntu-trusty-go_agent/2978
Wed Jun 3 01:53:15 UTC 2015,development,1.2891.0,dac53ae8,bosh-aws-xen-hvm-ubuntu-trusty-go_agent/2978,N/A,da3319e6,bosh-aws-xen-hvm-ubuntu-trusty-go_agent/2978
Wed Jun 3 03:04:36 UTC 2015,release_candidate,1.2859.0,ecc9d75a,bosh-aws-xen-hvm-ubuntu-trusty-go_agent/2977,0.1276.0,da3319e6,bosh-aws-xen-hvm-ubuntu-trusty-go_agent/2978
Wed Jun 3 03:25:16 UTC 2015,development,1.2891.0,dac53ae8,bosh-aws-xen-hvm-ubuntu-trusty-go_agent/2978,N/A,d5b77c76,bosh-aws-xen-hvm-ubuntu-trusty-go_agent/2978
Wed Jun 3 03:43:21 UTC 2015,release_candidate,1.2859.0,ecc9d75a,bosh-aws-xen-hvm-ubuntu-trusty-go_agent/2977,0.1277.0,d5b77c76,bosh-aws-xen-hvm-ubuntu-trusty-go_agent/2978
Wed Jun 3 04:24:15 UTC 2015,development,1.2891.0,ecc9d75a,bosh-aws-xen-hvm-ubuntu-trusty-go_agent/2978,N/A,d5b77c76,bosh-aws-xen-hvm-ubuntu-trusty-go_agent/2978
Wed Jun 3 14:55:25 UTC 2015,development,1.2891.0,ecc9d75a,bosh-aws-xen-hvm-ubuntu-trusty-go_agent/2978,N/A,e8b4d90c,bosh-aws-xen-hvm-ubuntu-trusty-go_agent/2978
Wed Jun 3 15:19:46 UTC 2015,release_candidate,1.2859.0,ecc9d75a,bosh-aws-xen-hvm-ubuntu-trusty-go_agent/2977,0.1278.0,e8b4d90c,bosh-aws-xen-hvm-ubuntu-trusty-go_agent/2978
Wed Jun 3 21:55:24 UTC 2015,development,1.2891.0,ecc9d75a,bosh-aws-xen-hvm-ubuntu-trusty-go_agent/2978,N/A,1d1c9017,bosh-aws-xen-hvm-ubuntu-trusty-go_agent/2978
Wed Jun 3 22:16:53 UTC 2015,release_candidate,1.2859.0,ecc9d75a,bosh-aws-xen-hvm-ubuntu-trusty-go_agent/2977,0.1281.0,1d1c9017,bosh-aws-xen-hvm-ubuntu-trusty-go_agent/2978
Thu Jun 4 00:11:06 UTC 2015,release_candidate,1.2859.0,48c88357,bosh-aws-xen-hvm-ubuntu-trusty-go_agent/2977,0.1281.0,1d1c9017,bosh-aws-xen-hvm-ubuntu-trusty-go_agent/2978
Thu Jun 4 00:45:50 UTC 2015,development,1.2891.0,48c88357,bosh-aws-xen-hvm-ubuntu-trusty-go_agent/2978,N/A,1d1c9017,bosh-aws-xen-hvm-ubuntu-trusty-go_agent/2978
Thu Jun 4 01:17:57 UTC 2015,release_candidate,1.2859.0,69c5bb68,bosh-aws-xen-hvm-ubuntu-trusty-go_agent/2977,0.1281.0,1d1c9017,bosh-aws-xen-hvm-ubuntu-trusty-go_agent/2978
Thu Jun 4 01:36:44 UTC 2015,development,1.2891.0,69c5bb68,bosh-aws-xen-hvm-ubuntu-trusty-go_agent/2978,N/A,1d1c9017,bosh-aws-xen-hvm-ubuntu-trusty-go_agent/2978
Thu Jun 4 15:04:44 UTC 2015,development,1.2891.0,69c5bb68,bosh-aws-xen-hvm-ubuntu-trusty-go_agent/2978,N/A,c4a0dfa4,bosh-aws-xen-hvm-ubuntu-trusty-go_agent/2978
Thu Jun 4 15:25:22 UTC 2015,release_candidate,1.2859.0,69c5bb68,bosh-aws-xen-hvm-ubuntu-trusty-go_agent/2977,0.1282.0,c4a0dfa4,bosh-aws-xen-hvm-ubuntu-trusty-go_agent/2978
Thu Jun 4 19:56:32 UTC 2015,release_candidate,1.2859.0,970f2180,bosh-aws-xen-hvm-ubuntu-trusty-go_agent/2977,0.1282.0,c4a0dfa4,bosh-aws-xen-hvm-ubuntu-trusty-go_agent/2978
Thu Jun 4 20:22:07 UTC 2015,development,1.2891.0,970f2180,bosh-aws-xen-hvm-ubuntu-trusty-go_agent/2978,N/A,c4a0dfa4,bosh-aws-xen-hvm-ubuntu-trusty-go_agent/2978
Thu Jun 4 21:14:22 UTC 2015,release_candidate,1.2859.0,fe8ab3bc,bosh-aws-xen-hvm-ubuntu-trusty-go_agent/2977,0.1282.0,c4a0dfa4,bosh-aws-xen-hvm-ubuntu-trusty-go_agent/2978
Thu Jun 4 21:23:39 UTC 2015,development,1.2891.0,fe8ab3bc,bosh-aws-xen-hvm-ubuntu-trusty-go_agent/2978,N/A,c4a0dfa4,bosh-aws-xen-hvm-ubuntu-trusty-go_agent/2978
Thu Jun 4 22:42:22 UTC 2015,release_candidate,1.2859.0,fe8ab3bc,bosh-aws-xen-hvm-ubuntu-trusty-go_agent/2977,0.1282.0,c4a0dfa4,bosh-aws-xen-hvm-ubuntu-trusty-go_agent/2978
Thu Jun 4 23:32:37 UTC 2015,release_candidate,1.2859.0,82f2abcc,bosh-aws-xen-hvm-ubuntu-trusty-go_agent/2977,0.1282.0,c4a0dfa4,bosh-aws-xen-hvm-ubuntu-trusty-go_agent/2978
Fri Jun 5 00:04:46 UTC 2015,development,1.2891.0,82f2abcc,bosh-aws-xen-hvm-ubuntu-trusty-go_agent/2978,N/A,c4a0dfa4,bosh-aws-xen-hvm-ubuntu-trusty-go_agent/2978
Fri Jun 5 01:46:15 UTC 2015,development,1.2891.0,f78a822e,bosh-aws-xen-hvm-ubuntu-trusty-go_agent/2980,N/A,c4a0dfa4,bosh-aws-xen-hvm-ubuntu-trusty-go_agent/2980
Fri Jun 5 04:15:03 UTC 2015,development,1.2891.0,76ed8de2,bosh-aws-xen-hvm-ubuntu-trusty-go_agent/2980,N/A,c4a0dfa4,bosh-aws-xen-hvm-ubuntu-trusty-go_agent/2980
Fri Jun 5 20:37:59 UTC 2015,development,1.2891.0,76ed8de2,bosh-aws-xen-hvm-ubuntu-trusty-go_agent/2980,N/A,308cbf4a,bosh-aws-xen-hvm-ubuntu-trusty-go_agent/2980
Fri Jun 5 21:06:28 UTC 2015,release_candidate,1.2859.0,76ed8de2,bosh-aws-xen-hvm-ubuntu-trusty-go_agent/2977,0.1283.0,308cbf4a,bosh-aws-xen-hvm-ubuntu-trusty-go_agent/2980
Fri Jun 5 23:23:04 UTC 2015,release_candidate,1.2859.0,6840c924,bosh-aws-xen-hvm-ubuntu-trusty-go_agent/2977,0.1283.0,308cbf4a,bosh-aws-xen-hvm-ubuntu-trusty-go_agent/2980
Sat Jun 6 01:32:39 UTC 2015,development,1.2891.0,76ed8de2,bosh-aws-xen-hvm-ubuntu-trusty-go_agent/2980,N/A,308cbf4a,bosh-aws-xen-hvm-ubuntu-trusty-go_agent/2980
Sat Jun 6 02:19:21 UTC 2015,release_candidate,1.2859.0,75b7e52f,bosh-aws-xen-hvm-ubuntu-trusty-go_agent/2977,0.1283.0,308cbf4a,bosh-aws-xen-hvm-ubuntu-trusty-go_agent/2980
Mon Jun 8 19:45:54 UTC 2015,development,1.2891.0,75b7e52f,bosh-aws-xen-hvm-ubuntu-trusty-go_agent/2980,N/A,308cbf4a,bosh-aws-xen-hvm-ubuntu-trusty-go_agent/2980
Mon Jun 8 20:42:05 UTC 2015,development,1.2891.0,75b7e52f,bosh-aws-xen-hvm-ubuntu-trusty-go_agent/2980,N/A,d89eb10c,bosh-aws-xen-hvm-ubuntu-trusty-go_agent/2980
Mon Jun 8 21:06:56 UTC 2015,release_candidate,1.2859.0,75b7e52f,bosh-aws-xen-hvm-ubuntu-trusty-go_agent/2980,0.1284.0,d89eb10c,bosh-aws-xen-hvm-ubuntu-trusty-go_agent/2980
Mon Jun 8 22:04:44 UTC 2015,release_candidate,1.2859.0,75b7e52f,bosh-aws-xen-hvm-ubuntu-trusty-go_agent/2980,0.1284.0,d89eb10c,bosh-aws-xen-hvm-ubuntu-trusty-go_agent/2980
Mon Jun 8 22:29:46 UTC 2015,development,1.2891.0,75b7e52f,bosh-aws-xen-hvm-ubuntu-trusty-go_agent/2980,N/A,d89eb10c,bosh-aws-xen-hvm-ubuntu-trusty-go_agent/2980
Mon Jun 8 23:04:24 UTC 2015,release_candidate,1.2859.0,252baef9,bosh-aws-xen-hvm-ubuntu-trusty-go_agent/2980,0.1284.0,d89eb10c,bosh-aws-xen-hvm-ubuntu-trusty-go_agent/2980
Tue Jun 9 00:00:15 UTC 2015,development,1.2891.0,252baef9,bosh-aws-xen-hvm-ubuntu-trusty-go_agent/2980,N/A,d89eb10c,bosh-aws-xen-hvm-ubuntu-trusty-go_agent/2980
Tue Jun 9 00:39:29 UTC 2015,development,1.2891.0,1a0614a0,bosh-aws-xen-hvm-ubuntu-trusty-go_agent/2980,N/A,d89eb10c,bosh-aws-xen-hvm-ubuntu-trusty-go_agent/2980
Tue Jun 9 01:34:01 UTC 2015,development,1.2891.0,5d151759,bosh-aws-xen-hvm-ubuntu-trusty-go_agent/2980,N/A,d89eb10c,bosh-aws-xen-hvm-ubuntu-trusty-go_agent/2980
Tue Jun 9 04:26:01 UTC 2015,development,1.2891.0,5d151759,bosh-aws-xen-hvm-ubuntu-trusty-go_agent/2980,N/A,aef00884,bosh-aws-xen-hvm-ubuntu-trusty-go_agent/2980
Tue Jun 9 04:53:48 UTC 2015,release_candidate,1.2859.0,1a0614a0,bosh-aws-xen-hvm-ubuntu-trusty-go_agent/2980,0.1285.0,aef00884,bosh-aws-xen-hvm-ubuntu-trusty-go_agent/2980
Tue Jun 9 15:17:42 UTC 2015,development,1.2891.0,5d151759,bosh-aws-xen-hvm-ubuntu-trusty-go_agent/2980,N/A,72fe2b43,bosh-aws-xen-hvm-ubuntu-trusty-go_agent/2980
Tue Jun 9 15:37:07 UTC 2015,release_candidate,1.2859.0,1a0614a0,bosh-aws-xen-hvm-ubuntu-trusty-go_agent/2980,0.1286.0,72fe2b43,bosh-aws-xen-hvm-ubuntu-trusty-go_agent/2980
Tue Jun 9 17:21:52 UTC 2015,development,1.2891.0,5d151759,bosh-aws-xen-hvm-ubuntu-trusty-go_agent/2980,N/A,f1cb40ee,bosh-aws-xen-hvm-ubuntu-trusty-go_agent/2980
Tue Jun 9 17:27:17 UTC 2015,release_candidate,1.2859.0,5d151759,bosh-aws-xen-hvm-ubuntu-trusty-go_agent/2980,0.1286.0,72fe2b43,bosh-aws-xen-hvm-ubuntu-trusty-go_agent/2980
Tue Jun 9 17:46:04 UTC 2015,release_candidate,1.2859.0,5d151759,bosh-aws-xen-hvm-ubuntu-trusty-go_agent/2980,0.1287.0,d069a0ea,bosh-aws-xen-hvm-ubuntu-trusty-go_agent/2980
Tue Jun 9 21:02:35 UTC 2015,release_candidate,1.2859.0,42153263,bosh-aws-xen-hvm-ubuntu-trusty-go_agent/2980,0.1287.0,d069a0ea,bosh-aws-xen-hvm-ubuntu-trusty-go_agent/2981
Tue Jun 9 21:23:31 UTC 2015,development,1.2891.0,42153263,bosh-aws-xen-hvm-ubuntu-trusty-go_agent/2981,N/A,f1cb40ee,bosh-aws-xen-hvm-ubuntu-trusty-go_agent/2981
Tue Jun 9 22:47:51 UTC 2015,release_candidate,1.2859.0,42153263,bosh-aws-xen-hvm-ubuntu-trusty-go_agent/2980,0.1287.0,d069a0ea,bosh-aws-xen-hvm-ubuntu-trusty-go_agent/2981
Wed Jun 10 02:40:52 UTC 2015,release_candidate,1.2859.0,00fd291d,bosh-aws-xen-hvm-ubuntu-trusty-go_agent/2980,0.1287.0,d069a0ea,bosh-aws-xen-hvm-ubuntu-trusty-go_agent/2981
Wed Jun 10 03:34:39 UTC 2015,development,1.2891.0,00fd291d,bosh-aws-xen-hvm-ubuntu-trusty-go_agent/2981,N/A,8098b0eb,bosh-aws-xen-hvm-ubuntu-trusty-go_agent/2981
Wed Jun 10 04:26:17 UTC 2015,development,1.2891.0,00fd291d,bosh-aws-xen-hvm-ubuntu-trusty-go_agent/2981,N/A,11cebe77,bosh-aws-xen-hvm-ubuntu-trusty-go_agent/2981
Wed Jun 10 04:48:05 UTC 2015,release_candidate,1.2859.0,00fd291d,bosh-aws-xen-hvm-ubuntu-trusty-go_agent/2980,0.1290.0,ff75545c,bosh-aws-xen-hvm-ubuntu-trusty-go_agent/2981
Wed Jun 10 14:57:00 UTC 2015,release_candidate,1.2859.0,00fd291d,bosh-aws-xen-hvm-ubuntu-trusty-go_agent/2980,0.1290.0,ff75545c,bosh-aws-xen-hvm-ubuntu-trusty-go_agent/2981
Wed Jun 10 15:19:14 UTC 2015,release_candidate,1.2859.0,00fd291d,bosh-aws-xen-hvm-ubuntu-trusty-go_agent/2980,0.1290.0,ff75545c,bosh-aws-xen-hvm-ubuntu-trusty-go_agent/2981
Wed Jun 10 17:11:00 UTC 2015,development,1.2891.0,00fd291d,bosh-aws-xen-hvm-ubuntu-trusty-go_agent/2981,N/A,d4eb5cd5,bosh-aws-xen-hvm-ubuntu-trusty-go_agent/2981
Wed Jun 10 19:18:45 UTC 2015,development,1.2891.0,00fd291d,bosh-aws-xen-hvm-ubuntu-trusty-go_agent/2981,N/A,5978fa20,bosh-aws-xen-hvm-ubuntu-trusty-go_agent/2981
Wed Jun 10 19:39:21 UTC 2015,release_candidate,1.2859.0,00fd291d,bosh-aws-xen-hvm-ubuntu-trusty-go_agent/2980,0.1293.0,5978fa20,bosh-aws-xen-hvm-ubuntu-trusty-go_agent/2981
Wed Jun 10 21:49:26 UTC 2015,development,1.2891.0,00fd291d,bosh-aws-xen-hvm-ubuntu-trusty-go_agent/2981,N/A,5341f30f,bosh-aws-xen-hvm-ubuntu-trusty-go_agent/2981
Wed Jun 10 22:06:40 UTC 2015,release_candidate,1.2859.0,00fd291d,bosh-aws-xen-hvm-ubuntu-trusty-go_agent/2980,0.1294.0,5341f30f,bosh-aws-xen-hvm-ubuntu-trusty-go_agent/2981
Wed Jun 10 22:44:45 UTC 2015,development,1.2891.0,00fd291d,bosh-aws-xen-hvm-ubuntu-trusty-go_agent/2981,N/A,7b88325a,bosh-aws-xen-hvm-ubuntu-trusty-go_agent/2981
Wed Jun 10 23:01:33 UTC 2015,release_candidate,1.2859.0,00fd291d,bosh-aws-xen-hvm-ubuntu-trusty-go_agent/2980,0.1294.0,5341f30f,bosh-aws-xen-hvm-ubuntu-trusty-go_agent/2981
Wed Jun 10 23:28:51 UTC 2015,release_candidate,1.2859.0,00fd291d,bosh-aws-xen-hvm-ubuntu-trusty-go_agent/2980,0.1295.0,87fd2985,bosh-aws-xen-hvm-ubuntu-trusty-go_agent/2981
Thu Jun 11 02:33:06 UTC 2015,development,1.2891.0,91be57d4,bosh-aws-xen-hvm-ubuntu-trusty-go_agent/2982,N/A,7b88325a,bosh-aws-xen-hvm-ubuntu-trusty-go_agent/2982
Thu Jun 11 03:38:13 UTC 2015,release_candidate,1.2859.0,6ca2f567,bosh-aws-xen-hvm-ubuntu-trusty-go_agent/2980,0.1295.0,87fd2985,bosh-aws-xen-hvm-ubuntu-trusty-go_agent/2982
Thu Jun 11 04:00:20 UTC 2015,development,1.2891.0,6ca2f567,bosh-aws-xen-hvm-ubuntu-trusty-go_agent/2982,N/A,7b88325a,bosh-aws-xen-hvm-ubuntu-trusty-go_agent/2982
Thu Jun 11 04:54:03 UTC 2015,release_candidate,1.2859.0,547f8fb7,bosh-aws-xen-hvm-ubuntu-trusty-go_agent/2980,0.1295.0,87fd2985,bosh-aws-xen-hvm-ubuntu-trusty-go_agent/2982
Thu Jun 11 05:12:21 UTC 2015,development,1.2891.0,547f8fb7,bosh-aws-xen-hvm-ubuntu-trusty-go_agent/2982,N/A,7b88325a,bosh-aws-xen-hvm-ubuntu-trusty-go_agent/2982
Thu Jun 11 05:44:58 UTC 2015,release_candidate,1.2859.0,22203263,bosh-aws-xen-hvm-ubuntu-trusty-go_agent/2980,0.1295.0,87fd2985,bosh-aws-xen-hvm-ubuntu-trusty-go_agent/2982
Thu Jun 11 06:08:24 UTC 2015,development,1.2891.0,22203263,bosh-aws-xen-hvm-ubuntu-trusty-go_agent/2982,N/A,7b88325a,bosh-aws-xen-hvm-ubuntu-trusty-go_agent/2982
Thu Jun 11 16:42:14 UTC 2015,release_candidate,1.2859.0,22203263,bosh-aws-xen-hvm-ubuntu-trusty-go_agent/2980,0.1295.0,87fd2985,bosh-aws-xen-hvm-ubuntu-trusty-go_agent/2982
Thu Jun 11 19:08:27 UTC 2015,development,1.2891.0,22203263,bosh-aws-xen-hvm-ubuntu-trusty-go_agent/2982,N/A,4d455e52,bosh-aws-xen-hvm-ubuntu-trusty-go_agent/2982
Thu Jun 11 20:01:58 UTC 2015,development,1.2891.0,22203263,bosh-aws-xen-hvm-ubuntu-trusty-go_agent/2982,N/A,936d4833,bosh-aws-xen-hvm-ubuntu-trusty-go_agent/2982
Thu Jun 11 21:22:39 UTC 2015,release_candidate,1.2859.0,5c0bab79,bosh-aws-xen-hvm-ubuntu-trusty-go_agent/2980,0.1297.0,0c4bce05,bosh-aws-xen-hvm-ubuntu-trusty-go_agent/2982
Thu Jun 11 21:55:11 UTC 2015,development,1.2891.0,22203263,bosh-aws-xen-hvm-ubuntu-trusty-go_agent/2982,N/A,db494829,bosh-aws-xen-hvm-ubuntu-trusty-go_agent/2982
Thu Jun 11 22:28:33 UTC 2015,development,1.2891.0,5c0bab79,bosh-aws-xen-hvm-ubuntu-trusty-go_agent/2982,N/A,db494829,bosh-aws-xen-hvm-ubuntu-trusty-go_agent/2982
Thu Jun 11 22:56:57 UTC 2015,release_candidate,1.2859.0,5c0bab79,bosh-aws-xen-hvm-ubuntu-trusty-go_agent/2980,0.1298.0,bc496d89,bosh-aws-xen-hvm-ubuntu-trusty-go_agent/2983
Fri Jun 12 02:17:41 UTC 2015,release_candidate,1.2859.0,8d5c0864,bosh-aws-xen-hvm-ubuntu-trusty-go_agent/2980,0.1298.0,bc496d89,bosh-aws-xen-hvm-ubuntu-trusty-go_agent/2983
Fri Jun 12 03:29:59 UTC 2015,development,1.2891.0,8d5c0864,bosh-aws-xen-hvm-ubuntu-trusty-go_agent/2983,N/A,db494829,bosh-aws-xen-hvm-ubuntu-trusty-go_agent/2983
Fri Jun 12 03:33:09 UTC 2015,release_candidate,1.2859.0,2e72dfeb,bosh-aws-xen-hvm-ubuntu-trusty-go_agent/2980,0.1298.0,bc496d89,bosh-aws-xen-hvm-ubuntu-trusty-go_agent/2983
Fri Jun 12 04:30:16 UTC 2015,development,1.2891.0,28b041c8,bosh-aws-xen-hvm-ubuntu-trusty-go_agent/2983,N/A,db494829,bosh-aws-xen-hvm-ubuntu-trusty-go_agent/2983
Fri Jun 12 05:30:15 UTC 2015,development,1.2891.0,739ebe44,bosh-aws-xen-hvm-ubuntu-trusty-go_agent/2983,N/A,db494829,bosh-aws-xen-hvm-ubuntu-trusty-go_agent/2983
Fri Jun 12 16:37:52 UTC 2015,release_candidate,1.2859.0,739ebe44,bosh-aws-xen-hvm-ubuntu-trusty-go_agent/2980,0.1298.0,bc496d89,bosh-aws-xen-hvm-ubuntu-trusty-go_agent/2983
Fri Jun 12 17:02:35 UTC 2015,development,1.2891.0,739ebe44,bosh-aws-xen-hvm-ubuntu-trusty-go_agent/2983,N/A,db494829,bosh-aws-xen-hvm-ubuntu-trusty-go_agent/2983
Fri Jun 12 18:12:08 UTC 2015,release_candidate,1.2859.0,bd8564cd,bosh-aws-xen-hvm-ubuntu-trusty-go_agent/2980,0.1298.0,bc496d89,bosh-aws-xen-hvm-ubuntu-trusty-go_agent/2983
Fri Jun 12 18:26:06 UTC 2015,release_candidate,1.2859.0,bd8564cd,bosh-aws-xen-hvm-ubuntu-trusty-go_agent/2980,0.1298.0,bc496d89,bosh-aws-xen-hvm-ubuntu-trusty-go_agent/2983
Fri Jun 12 18:26:45 UTC 2015,development,1.2891.0,739ebe44,bosh-aws-xen-hvm-ubuntu-trusty-go_agent/2983,N/A,1648b7d6,bosh-aws-xen-hvm-ubuntu-trusty-go_agent/2983
Fri Jun 12 18:59:44 UTC 2015,release_candidate,1.2859.0,bd8564cd,bosh-aws-xen-hvm-ubuntu-trusty-go_agent/2980,0.1299.0,42e1d7b4,bosh-aws-xen-hvm-ubuntu-trusty-go_agent/2983
Fri Jun 12 19:28:47 UTC 2015,release_candidate,1.2859.0,734d0ac7,bosh-aws-xen-hvm-ubuntu-trusty-go_agent/2980,0.1299.0,42e1d7b4,bosh-aws-xen-hvm-ubuntu-trusty-go_agent/2983
Fri Jun 12 19:35:08 UTC 2015,development,1.2891.0,739ebe44,bosh-aws-xen-hvm-ubuntu-trusty-go_agent/2983,N/A,499bc1dd,bosh-aws-xen-hvm-ubuntu-trusty-go_agent/2983
Fri Jun 12 20:05:22 UTC 2015,release_candidate,1.2859.0,734d0ac7,bosh-aws-xen-hvm-ubuntu-trusty-go_agent/2980,0.1300.0,6769c912,bosh-aws-xen-hvm-ubuntu-trusty-go_agent/2983
Fri Jun 12 20:09:58 UTC 2015,development,1.2891.0,734d0ac7,bosh-aws-xen-hvm-ubuntu-trusty-go_agent/2983,N/A,499bc1dd,bosh-aws-xen-hvm-ubuntu-trusty-go_agent/2983
Fri Jun 12 20:37:28 UTC 2015,release_candidate,1.2859.0,f1ed9de2,bosh-aws-xen-hvm-ubuntu-trusty-go_agent/2980,0.1300.0,6769c912,bosh-aws-xen-hvm-ubuntu-trusty-go_agent/2983
Fri Jun 12 21:00:44 UTC 2015,development,1.2891.0,f1ed9de2,bosh-aws-xen-hvm-ubuntu-trusty-go_agent/2983,N/A,499bc1dd,bosh-aws-xen-hvm-ubuntu-trusty-go_agent/2983
Fri Jun 12 23:50:09 UTC 2015,release_candidate,1.2859.0,ac5dcc49,bosh-aws-xen-hvm-ubuntu-trusty-go_agent/2980,0.1300.0,6769c912,bosh-aws-xen-hvm-ubuntu-trusty-go_agent/2983
Sat Jun 13 02:15:58 UTC 2015,development,1.2891.0,ac5dcc49,bosh-aws-xen-hvm-ubuntu-trusty-go_agent/2983,N/A,499bc1dd,bosh-aws-xen-hvm-ubuntu-trusty-go_agent/2983
Mon Jun 15 15:49:21 UTC 2015,release_candidate,1.2859.0,ac5dcc49,bosh-aws-xen-hvm-ubuntu-trusty-go_agent/2986,0.1300.0,6769c912,bosh-aws-xen-hvm-ubuntu-trusty-go_agent/2986
Mon Jun 15 21:20:52 UTC 2015,release_candidate,1.2859.0,ac5dcc49,bosh-aws-xen-hvm-ubuntu-trusty-go_agent/2986,0.1300.0,6769c912,bosh-aws-xen-hvm-ubuntu-trusty-go_agent/2986
Mon Jun 15 22:35:49 UTC 2015,release_candidate,1.2859.0,ac5dcc49,bosh-aws-xen-hvm-ubuntu-trusty-go_agent/2986,0.1300.0,6769c912,bosh-aws-xen-hvm-ubuntu-trusty-go_agent/2986
Tue Jun 16 00:41:55 UTC 2015,release_candidate,1.2859.0,c6313e12,bosh-aws-xen-hvm-ubuntu-trusty-go_agent/2986,0.1300.0,6769c912,bosh-aws-xen-hvm-ubuntu-trusty-go_agent/2986
Tue Jun 16 01:47:51 UTC 2015,development,1.2891.0,c6313e12,bosh-aws-xen-hvm-ubuntu-trusty-go_agent/2986,N/A,499bc1dd,bosh-aws-xen-hvm-ubuntu-trusty-go_agent/2986
Tue Jun 16 04:50:30 UTC 2015,release_candidate,1.2859.0,fe33eee9,bosh-aws-xen-hvm-ubuntu-trusty-go_agent/2986,0.1300.0,6769c912,bosh-aws-xen-hvm-ubuntu-trusty-go_agent/2986
Tue Jun 16 05:14:27 UTC 2015,development,1.2891.0,fe33eee9,bosh-aws-xen-hvm-ubuntu-trusty-go_agent/2986,N/A,499bc1dd,bosh-aws-xen-hvm-ubuntu-trusty-go_agent/2986
Tue Jun 16 14:45:22 UTC 2015,development,1.2891.0,ecf3058a,bosh-aws-xen-hvm-ubuntu-trusty-go_agent/2986,N/A,499bc1dd,bosh-aws-xen-hvm-ubuntu-trusty-go_agent/2986
Tue Jun 16 15:37:30 UTC 2015,development,1.2891.0,ecf3058a,bosh-aws-xen-hvm-ubuntu-trusty-go_agent/2986,N/A,fc0b321d,bosh-aws-xen-hvm-ubuntu-trusty-go_agent/2986
Tue Jun 16 17:03:38 UTC 2015,development,1.2891.0,862e1f69,bosh-aws-xen-hvm-ubuntu-trusty-go_agent/2986,N/A,fc0b321d,bosh-aws-xen-hvm-ubuntu-trusty-go_agent/2986
Tue Jun 16 19:23:56 UTC 2015,development,1.2891.0,862e1f69,bosh-aws-xen-hvm-ubuntu-trusty-go_agent/2986,N/A,fc0b321d,bosh-aws-xen-hvm-ubuntu-trusty-go_agent/2986
Tue Jun 16 20:26:01 UTC 2015,development,1.2891.0,a1c32d40,bosh-aws-xen-hvm-ubuntu-trusty-go_agent/2986,N/A,fc0b321d,bosh-aws-xen-hvm-ubuntu-trusty-go_agent/2986
Tue Jun 16 21:28:34 UTC 2015,release_candidate,1.2859.0,862e1f69,bosh-aws-xen-hvm-ubuntu-trusty-go_agent/2986,0.1302.0,98c09088,bosh-aws-xen-hvm-ubuntu-trusty-go_agent/2986
Tue Jun 16 23:21:37 UTC 2015,release_candidate,1.2859.0,02a94aa9,bosh-aws-xen-hvm-ubuntu-trusty-go_agent/2986,0.1302.0,98c09088,bosh-aws-xen-hvm-ubuntu-trusty-go_agent/2986
Tue Jun 16 23:41:28 UTC 2015,development,1.2891.0,02a94aa9,bosh-aws-xen-hvm-ubuntu-trusty-go_agent/2986,N/A,fc0b321d,bosh-aws-xen-hvm-ubuntu-trusty-go_agent/2986
Wed Jun 17 01:21:57 UTC 2015,development,1.2891.0,02a94aa9,bosh-aws-xen-hvm-ubuntu-trusty-go_agent/2989,N/A,fc0b321d,bosh-aws-xen-hvm-ubuntu-trusty-go_agent/2989
Wed Jun 17 04:14:52 UTC 2015,development,1.2891.0,ae2ec7a5,bosh-aws-xen-hvm-ubuntu-trusty-go_agent/2989,N/A,fc0b321d,bosh-aws-xen-hvm-ubuntu-trusty-go_agent/2989
Wed Jun 17 09:10:30 UTC 2015,release_candidate,1.2859.0,ae2ec7a5,bosh-aws-xen-hvm-ubuntu-trusty-go_agent/2986,0.1302.0,98c09088,bosh-aws-xen-hvm-ubuntu-trusty-go_agent/2989
Wed Jun 17 15:33:13 UTC 2015,development,1.2891.0,ae2ec7a5,bosh-aws-xen-hvm-ubuntu-trusty-go_agent/2989,N/A,f6c5aff9,bosh-aws-xen-hvm-ubuntu-trusty-go_agent/2989
Wed Jun 17 16:06:25 UTC 2015,release_candidate,1.2859.0,ae2ec7a5,bosh-aws-xen-hvm-ubuntu-trusty-go_agent/2986,0.1303.0,f6c5aff9,bosh-aws-xen-hvm-ubuntu-trusty-go_agent/2989
Wed Jun 17 17:26:56 UTC 2015,development,1.2891.0,ae2ec7a5,bosh-aws-xen-hvm-ubuntu-trusty-go_agent/2989,N/A,7ac0bdb3,bosh-aws-xen-hvm-ubuntu-trusty-go_agent/2989
Wed Jun 17 17:58:18 UTC 2015,release_candidate,1.2859.0,ae2ec7a5,bosh-aws-xen-hvm-ubuntu-trusty-go_agent/2986,0.1304.0,7ac0bdb3,bosh-aws-xen-hvm-ubuntu-trusty-go_agent/2989
Wed Jun 17 19:15:42 UTC 2015,release_candidate,1.2859.0,9c0227a6,bosh-aws-xen-hvm-ubuntu-trusty-go_agent/2986,0.1304.0,7ac0bdb3,bosh-aws-xen-hvm-ubuntu-trusty-go_agent/2989
Wed Jun 17 19:47:18 UTC 2015,development,1.2891.0,9c0227a6,bosh-aws-xen-hvm-ubuntu-trusty-go_agent/2989,N/A,7ac0bdb3,bosh-aws-xen-hvm-ubuntu-trusty-go_agent/2989
Wed Jun 17 20:16:05 UTC 2015,release_candidate,1.2859.0,af5a947a,bosh-aws-xen-hvm-ubuntu-trusty-go_agent/2986,0.1304.0,7ac0bdb3,bosh-aws-xen-hvm-ubuntu-trusty-go_agent/2989
Wed Jun 17 21:31:38 UTC 2015,release_candidate,1.2859.0,a4e5f6ab,bosh-aws-xen-hvm-ubuntu-trusty-go_agent/2986,0.1304.0,7ac0bdb3,bosh-aws-xen-hvm-ubuntu-trusty-go_agent/2989
Wed Jun 17 22:22:42 UTC 2015,development,1.2891.0,9c0227a6,bosh-aws-xen-hvm-ubuntu-trusty-go_agent/2989,N/A,8e1528ae,bosh-aws-xen-hvm-ubuntu-trusty-go_agent/2989
Wed Jun 17 22:56:16 UTC 2015,release_candidate,1.2859.0,a4e5f6ab,bosh-aws-xen-hvm-ubuntu-trusty-go_agent/2986,0.1306.0,8e1528ae,bosh-aws-xen-hvm-ubuntu-trusty-go_agent/2989
Thu Jun 18 00:02:26 UTC 2015,development,1.2891.0,9c0227a6,bosh-aws-xen-hvm-ubuntu-trusty-go_agent/2989,N/A,efa9f63f,bosh-aws-xen-hvm-ubuntu-trusty-go_agent/2989
Thu Jun 18 00:39:25 UTC 2015,development,1.2891.0,a4e5f6ab,bosh-aws-xen-hvm-ubuntu-trusty-go_agent/2989,N/A,efa9f63f,bosh-aws-xen-hvm-ubuntu-trusty-go_agent/2989
Thu Jun 18 01:15:02 UTC 2015,release_candidate,1.2859.0,0108d04b,bosh-aws-xen-hvm-ubuntu-trusty-go_agent/2986,0.1307.0,efa9f63f,bosh-aws-xen-hvm-ubuntu-trusty-go_agent/2989
Thu Jun 18 02:06:01 UTC 2015,development,1.2891.0,0108d04b,bosh-aws-xen-hvm-ubuntu-trusty-go_agent/2989,N/A,efa9f63f,bosh-aws-xen-hvm-ubuntu-trusty-go_agent/2989
Thu Jun 18 02:28:09 UTC 2015,release_candidate,1.2859.0,66c6072d,bosh-aws-xen-hvm-ubuntu-trusty-go_agent/2986,0.1307.0,efa9f63f,bosh-aws-xen-hvm-ubuntu-trusty-go_agent/2989
Thu Jun 18 03:04:25 UTC 2015,development,1.2891.0,0108d04b,bosh-aws-xen-hvm-ubuntu-trusty-go_agent/2989,N/A,b98840f8,bosh-aws-xen-hvm-ubuntu-trusty-go_agent/2989
Thu Jun 18 03:33:43 UTC 2015,release_candidate,1.2859.0,66c6072d,bosh-aws-xen-hvm-ubuntu-trusty-go_agent/2986,0.1309.0,b98840f8,bosh-aws-xen-hvm-ubuntu-trusty-go_agent/2989
Thu Jun 18 03:45:28 UTC 2015,development,1.2891.0,66c6072d,bosh-aws-xen-hvm-ubuntu-trusty-go_agent/2989,N/A,b98840f8,bosh-aws-xen-hvm-ubuntu-trusty-go_agent/2989
Thu Jun 18 04:38:14 UTC 2015,release_candidate,1.2859.0,0039369d,bosh-aws-xen-hvm-ubuntu-trusty-go_agent/2986,0.1309.0,b98840f8,bosh-aws-xen-hvm-ubuntu-trusty-go_agent/2989
Thu Jun 18 05:01:08 UTC 2015,development,1.2891.0,0039369d,bosh-aws-xen-hvm-ubuntu-trusty-go_agent/2989,N/A,b98840f8,bosh-aws-xen-hvm-ubuntu-trusty-go_agent/2989
Thu Jun 18 12:28:39 UTC 2015,development,1.2891.0,0039369d,bosh-aws-xen-hvm-ubuntu-trusty-go_agent/2989,N/A,b98840f8,bosh-aws-xen-hvm-ubuntu-trusty-go_agent/2989
Thu Jun 18 13:58:35 UTC 2015,development,1.2891.0,0039369d,bosh-aws-xen-hvm-ubuntu-trusty-go_agent/2989,N/A,b0090834,bosh-aws-xen-hvm-ubuntu-trusty-go_agent/2989
Thu Jun 18 15:03:38 UTC 2015,development,1.2891.0,6c171d20,bosh-aws-xen-hvm-ubuntu-trusty-go_agent/2989,N/A,b0090834,bosh-aws-xen-hvm-ubuntu-trusty-go_agent/2989
Thu Jun 18 15:38:26 UTC 2015,development,1.2891.0,6c171d20,bosh-aws-xen-hvm-ubuntu-trusty-go_agent/2989,N/A,b0090834,bosh-aws-xen-hvm-ubuntu-trusty-go_agent/2989
Thu Jun 18 17:26:45 UTC 2015,development,1.2891.0,6c171d20,bosh-aws-xen-hvm-ubuntu-trusty-go_agent/2989,N/A,4372ddf3,bosh-aws-xen-hvm-ubuntu-trusty-go_agent/2989
Thu Jun 18 18:35:47 UTC 2015,development,1.2891.0,9c2b28a8,bosh-aws-xen-hvm-ubuntu-trusty-go_agent/2989,N/A,4372ddf3,bosh-aws-xen-hvm-ubuntu-trusty-go_agent/2989
Thu Jun 18 20:08:46 UTC 2015,development,1.2891.0,9c2b28a8,bosh-aws-xen-hvm-ubuntu-trusty-go_agent/2989,N/A,b184fcd1,bosh-aws-xen-hvm-ubuntu-trusty-go_agent/2989
Thu Jun 18 23:56:24 UTC 2015,release_candidate,1.2859.0,9c2b28a8,bosh-aws-xen-hvm-ubuntu-trusty-go_agent/2989,0.1312.0,b184fcd1,bosh-aws-xen-hvm-ubuntu-trusty-go_agent/2989
Fri Jun 19 04:35:35 UTC 2015,development,1.2891.0,9b7893be,bosh-aws-xen-hvm-ubuntu-trusty-go_agent/2992,N/A,b184fcd1,bosh-aws-xen-hvm-ubuntu-trusty-go_agent/2992
Fri Jun 19 09:39:02 UTC 2015,development,1.2891.0,9b7893be,bosh-aws-xen-hvm-ubuntu-trusty-go_agent/2992,N/A,197d8fd1,bosh-aws-xen-hvm-ubuntu-trusty-go_agent/2992
Fri Jun 19 16:42:56 UTC 2015,release_candidate,1.2859.0,9c2b28a8,bosh-aws-xen-hvm-ubuntu-trusty-go_agent/2989,0.1313.0,197d8fd1,bosh-aws-xen-hvm-ubuntu-trusty-go_agent/2992
Fri Jun 19 21:20:43 UTC 2015,development,1.2891.0,9b7893be,bosh-aws-xen-hvm-ubuntu-trusty-go_agent/2992,N/A,4de2531f,bosh-aws-xen-hvm-ubuntu-trusty-go_agent/2992
Sat Jun 20 01:33:29 UTC 2015,development,1.2891.0,9b7893be,bosh-aws-xen-hvm-ubuntu-trusty-go_agent/2992,N/A,6b4414ed,bosh-aws-xen-hvm-ubuntu-trusty-go_agent/2992
Sat Jun 20 02:35:48 UTC 2015,development,1.2891.0,9b7893be,bosh-aws-xen-hvm-ubuntu-trusty-go_agent/2992,N/A,c944f0af,bosh-aws-xen-hvm-ubuntu-trusty-go_agent/2992
Sat Jun 20 04:04:08 UTC 2015,development,1.2891.0,d5d54d99,bosh-aws-xen-hvm-ubuntu-trusty-go_agent/2992,N/A,c944f0af,bosh-aws-xen-hvm-ubuntu-trusty-go_agent/2992
Wed Jun 24 17:33:56 UTC 2015,development,1.2891.0,4ee599d3,bosh-aws-xen-hvm-ubuntu-trusty-go_agent/2999,N/A,4137e31c,bosh-aws-xen-hvm-ubuntu-trusty-go_agent/2999
Wed Jun 24 18:45:14 UTC 2015,development,1.2891.0,96aaed6f,bosh-aws-xen-hvm-ubuntu-trusty-go_agent/2999,N/A,4137e31c,bosh-aws-xen-hvm-ubuntu-trusty-go_agent/2999
Wed Jun 24 20:12:39 UTC 2015,release_candidate,1.2992.0,44cb7ec8,bosh-aws-xen-hvm-ubuntu-trusty-go_agent/2999,0.1319.0,4137e31c,bosh-aws-xen-hvm-ubuntu-trusty-go_agent/2999
Wed Jun 24 20:32:46 UTC 2015,release_candidate,1.2992.0,44cb7ec8,bosh-aws-xen-hvm-ubuntu-trusty-go_agent/2999,0.1319.0,4137e31c,bosh-aws-xen-hvm-ubuntu-trusty-go_agent/2999
Wed Jun 24 21:45:54 UTC 2015,development,1.2891.0,94541399,bosh-aws-xen-hvm-ubuntu-trusty-go_agent/2999,N/A,4137e31c,bosh-aws-xen-hvm-ubuntu-trusty-go_agent/2999
Wed Jun 24 21:47:36 UTC 2015,release_candidate,1.2992.0,138f0084,bosh-aws-xen-hvm-ubuntu-trusty-go_agent/2999,0.1319.0,4137e31c,bosh-aws-xen-hvm-ubuntu-trusty-go_agent/2999
Wed Jun 24 22:44:45 UTC 2015,development,1.2891.0,82a76912,bosh-aws-xen-hvm-ubuntu-trusty-go_agent/2999,N/A,4137e31c,bosh-aws-xen-hvm-ubuntu-trusty-go_agent/2999
Thu Jun 25 00:17:17 UTC 2015,development,1.2891.0,82a76912,bosh-aws-xen-hvm-ubuntu-trusty-go_agent/3000,N/A,509a702a,bosh-aws-xen-hvm-ubuntu-trusty-go_agent/3000
Thu Jun 25 00:46:35 UTC 2015,release_candidate,1.2992.0,94541399,bosh-aws-xen-hvm-ubuntu-trusty-go_agent/2999,0.1319.0,4137e31c,bosh-aws-xen-hvm-ubuntu-trusty-go_agent/3000
Thu Jun 25 02:27:01 UTC 2015,release_candidate,1.2992.0,82a76912,bosh-aws-xen-hvm-ubuntu-trusty-go_agent/2999,0.1319.0,4137e31c,bosh-aws-xen-hvm-ubuntu-trusty-go_agent/3000
Thu Jun 25 06:47:20 UTC 2015,release_candidate,1.2992.0,522d8690,bosh-aws-xen-hvm-ubuntu-trusty-go_agent/3000,0.1319.0,4137e31c,bosh-aws-xen-hvm-ubuntu-trusty-go_agent/3000
